Overall Num,Datetime,Day Ct,Day Num,Day Trial Ct,Set Ct,Trial Ct,Set Trial Ct,Speculum Type,Spec Ang,Spec Ht,Size,Brand,Material,Material Type,Method,Hand,Opening Distance,Trial Num,mmHg,Filename,Used,Notes
1,2022-04-23 14:20:23.136,1,1,1,1,1,1,White,5,0,M,STRONG-Black,Nitrile,Glove,Middle,A,2.7,1,0,20220423_142023.jpg,y,
2,2022-04-23 14:20:30.912,1,2,1,1,1,1,White,5,0,M,STRONG-Black,Nitrile,Glove,Middle,A,2.7,2,40,20220423_142031.jpg,y,
3,2022-04-23 14:20:49.056,1,3,1,1,1,1,White,5,0,M,STRONG-Black,Nitrile,Glove,Middle,A,2.7,3,80,20220423_142049.jpg,y,
4,2022-04-23 14:20:54.240,1,4,1,1,1,1,White,5,0,M,STRONG-Black,Nitrile,Glove,Middle,A,2.7,4,120,20220423_142054.jpg,y,
5,2022-04-23 14:21:00.288,1,5,1,1,1,1,White,5,0,M,STRONG-Black,Nitrile,Glove,Middle,A,2.7,5,160,20220423_142100.jpg,y,
6,2022-04-23 14:21:08.064,1,6,1,1,1,1,White,5,0,M,STRONG-Black,Nitrile,Glove,Middle,A,2.7,6,200,20220423_142108.jpg,y,
7,2022-04-23 14:33:10.368,1,7,2,1,2,2,White,5,0,M,STRONG-Black,Nitrile,Glove,Middle,A,3.2,1,0,20220423_143310.jpg,y,
8,2022-04-23 14:33:24.192,1,8,2,1,2,2,White,5,0,M,STRONG-Black,Nitrile,Glove,Middle,A,3.2,2,40,20220423_143324.jpg,y,
9,2022-04-23 14:33:36.288,1,9,2,1,2,2,White,5,0,M,STRONG-Black,Nitrile,Glove,Middle,A,3.2,3,80,20220423_143336.jpg,y,
10,2022-04-23 14:33:45.792,1,10,2,1,2,2,White,5,0,M,STRONG-Black,Nitrile,Glove,Middle,A,3.2,4,120,20220423_143346.jpg,y,
11,2022-04-23 14:33:55.296,1,11,2,1,2,2,White,5,0,M,STRONG-Black,Nitrile,Glove,Middle,A,3.2,5,160,20220423_143355.jpg,y,
12,2022-04-23 14:34:01.344,1,12,2,1,2,2,White,5,0,M,STRONG-Black,Nitrile,Glove,Middle,A,3.2,6,200,20220423_143401.jpg,y,
13,2022-04-23 14:37:56.352,1,13,3,1,3,3,White,5,0,M,STRONG-Black,Nitrile,Glove,Middle,A,2.7,1,0,20220423_143756.jpg,y,
14,2022-04-23 14:38:10.176,1,14,3,1,3,3,White,5,0,M,STRONG-Black,Nitrile,Glove,Middle,A,2.7,2,40,20220423_143810.jpg,y,
15,2022-04-23 14:38:15.360,1,15,3,1,3,3,White,5,0,M,STRONG-Black,Nitrile,Glove,Middle,A,2.7,3,80,20220423_143815.jpg,y,
16,2022-04-23 14:38:24.000,1,16,3,1,3,3,White,5,0,M,STRONG-Black,Nitrile,Glove,Middle,A,2.7,4,120,20220423_143824.jpg,y,
17,2022-04-23 14:38:29.184,1,17,3,1,3,3,White,5,0,M,STRONG-Black,Nitrile,Glove,Middle,A,2.7,5,160,20220423_143829.jpg,y,
18,2022-04-23 14:38:34.368,1,18,3,1,3,3,White,5,0,M,STRONG-Black,Nitrile,Glove,Middle,A,2.7,6,200,20220423_143834.jpg,y,
19,2022-04-23 00:00:00.000,1,19,4,2,5,1,White,5,0,M,Primacare,Vinyl,Glove,Middle,A,,1,FAIL,None,x,
20,2022-04-23 00:00:00.000,1,20,5,3,6,1,White,5,0,M,Primacare,Vinyl,Glove,Middle,A,,1,FAIL,None,x,
21,2022-04-23 00:00:00.000,1,21,6,4,7,1,White,4,0,M,Primacare,Vinyl,Glove,Middle,A,,1,FAIL,None,x,
22,2022-04-23 14:51:06.048,1,22,7,5,8,1,White,3,0,M,Primacare,Vinyl,Glove,Middle,A,1.3,1,0,20220423_145106.jpg,y,
23,2022-04-23 14:51:16.416,1,23,7,5,8,1,White,3,0,M,Primacare,Vinyl,Glove,Middle,A,1.3,2,40,20220423_145116.jpg,y,
24,2022-04-23 14:51:24.192,1,24,7,5,8,1,White,3,0,M,Primacare,Vinyl,Glove,Middle,A,1.3,3,80,20220423_145124.jpg,y,
25,2022-04-23 14:51:29.376,1,25,7,5,8,1,White,3,0,M,Primacare,Vinyl,Glove,Middle,A,1.3,4,120,20220423_145129.jpg,y,
26,2022-04-23 14:51:33.696,1,26,7,5,8,1,White,3,0,M,Primacare,Vinyl,Glove,Middle,A,1.3,5,160,20220423_145134.jpg,y,
27,2022-04-23 14:51:42.336,1,27,7,5,8,1,White,3,0,M,Primacare,Vinyl,Glove,Middle,A,1.3,6,200,20220423_145142.jpg,y,
28,2022-04-23 14:59:03.840,1,28,8,5,9,2,White,3,0,M,Primacare,Vinyl,Glove,Middle,A,1.05,1,0,20220423_145904.jpg,y,
29,2022-04-23 14:59:13.344,1,29,8,5,9,2,White,3,0,M,Primacare,Vinyl,Glove,Middle,A,1.05,2,40,20220423_145913.jpg,y,
30,2022-04-23 14:59:16.800,1,30,8,5,9,2,White,3,0,M,Primacare,Vinyl,Glove,Middle,A,1.05,3,80,20220423_145917.jpg,y,
31,2022-04-23 14:59:20.256,1,31,8,5,9,2,White,3,0,M,Primacare,Vinyl,Glove,Middle,A,1.05,4,120,20220423_145920.jpg,y,
32,2022-04-23 14:59:23.712,1,32,8,5,9,2,White,3,0,M,Primacare,Vinyl,Glove,Middle,A,1.05,5,160,20220423_145924.jpg,y,
33,2022-04-23 14:59:28.896,1,33,8,5,9,2,White,3,0,M,Primacare,Vinyl,Glove,Middle,A,1.05,6,200,20220423_145929.jpg,y,
34,2022-04-23 15:03:15.264,1,34,9,5,10,3,White,3,0,M,Primacare,Vinyl,Glove,Middle,A,1.0,1,0,20220423_150315.jpg,y,
35,2022-04-23 15:03:19.584,1,35,9,5,10,3,White,3,0,M,Primacare,Vinyl,Glove,Middle,A,1.0,2,40,20220423_150320.jpg,y,
36,2022-04-23 15:03:23.904,1,36,9,5,10,3,White,3,0,M,Primacare,Vinyl,Glove,Middle,A,1.0,3,80,20220423_150324.jpg,y,
37,2022-04-23 15:03:29.952,1,37,9,5,10,3,White,3,0,M,Primacare,Vinyl,Glove,Middle,A,1.0,4,120,20220423_150330.jpg,y,
38,2022-04-23 15:03:34.272,1,38,9,5,10,3,White,3,0,M,Primacare,Vinyl,Glove,Middle,A,1.0,5,160,20220423_150334.jpg,y,
39,2022-04-23 15:03:41.184,1,39,9,5,10,3,White,3,0,M,Primacare,Vinyl,Glove,Middle,A,1.0,6,200,20220423_150341.jpg,y,
40,2022-04-23 15:07:43.968,1,40,10,6,11,1,White,5,0,S,STRONG-Black,Nitrile,Glove,Middle,A,2.75,1,0,20220423_150744.jpg,y,
41,2022-04-23 15:07:55.200,1,41,10,6,11,1,White,5,0,S,STRONG-Black,Nitrile,Glove,Middle,A,2.75,2,40,20220423_150755.jpg,y,
42,2022-04-23 15:07:58.656,1,42,10,6,11,1,White,5,0,S,STRONG-Black,Nitrile,Glove,Middle,A,2.75,3,80,20220423_150759.jpg,y,
43,2022-04-23 15:08:02.976,1,43,10,6,11,1,White,5,0,S,STRONG-Black,Nitrile,Glove,Middle,A,2.75,4,120,20220423_150803.jpg,y,
44,2022-04-23 15:08:08.160,1,44,10,6,11,1,White,5,0,S,STRONG-Black,Nitrile,Glove,Middle,A,2.75,5,160,20220423_150808.jpg,y,
45,2022-04-23 15:08:14.208,1,45,10,6,11,1,White,5,0,S,STRONG-Black,Nitrile,Glove,Middle,A,2.75,6,200,20220423_150814.jpg,y,
46,2022-04-23 15:12:06.624,1,46,11,7,12,1,White,5,0,L,STRONG-Black,Nitrile,Glove,Middle,A,3.2,1,0,20220423_151207.jpg,y,
47,2022-04-23 15:12:14.400,1,47,11,7,12,1,White,5,0,L,STRONG-Black,Nitrile,Glove,Middle,A,3.2,2,40,20220423_151214.jpg,y,
48,2022-04-23 15:12:18.720,1,48,11,7,12,1,White,5,0,L,STRONG-Black,Nitrile,Glove,Middle,A,3.2,3,80,20220423_151219.jpg,y,
49,2022-04-23 15:12:23.040,1,49,11,7,12,1,White,5,0,L,STRONG-Black,Nitrile,Glove,Middle,A,3.2,4,120,20220423_151223.jpg,y,
50,2022-04-23 15:12:28.224,1,50,11,7,12,1,White,5,0,L,STRONG-Black,Nitrile,Glove,Middle,A,3.2,5,160,20220423_151228.jpg,y,
51,2022-04-23 15:12:36.000,1,51,11,7,12,1,White,5,0,L,STRONG-Black,Nitrile,Glove,Middle,A,3.2,6,200,20220423_151236.jpg,y,
52,2022-04-23 15:23:56.832,1,52,12,8,13,1,White,5,0,M,STRONG-Black,Nitrile,Glove,Two,A,5.2,1,0,20220423_152357.jpg,y,
53,2022-04-23 15:24:04.608,1,53,12,8,13,1,White,5,0,M,STRONG-Black,Nitrile,Glove,Two,A,5.2,2,40,20220423_152405.jpg,y,
54,2022-04-23 15:24:09.792,1,54,12,8,13,1,White,5,0,M,STRONG-Black,Nitrile,Glove,Two,A,5.2,3,80,20220423_152410.jpg,y,
55,2022-04-23 15:24:27.072,1,55,12,8,13,1,White,5,0,M,STRONG-Black,Nitrile,Glove,Two,A,5.2,4,120,20220423_152427.jpg,y,
56,2022-04-23 15:24:32.256,1,56,12,8,13,1,White,5,0,M,STRONG-Black,Nitrile,Glove,Two,A,5.2,5,160,20220423_152432.jpg,y,
57,2022-04-23 15:24:36.576,1,57,12,8,13,1,White,5,0,M,STRONG-Black,Nitrile,Glove,Two,A,5.2,6,200,20220423_152437.jpg,y,
58,2023-04-23 00:00:00.000,1,58,13,9,14,1,White,5,0,M,STRONG-Black,Nitrile,Glove,Palm,A,,1,FAIL,None,x,
59,2023-04-23 00:00:00.000,1,59,14,10,15,1,White,5,0,S,STRONG-Black,Nitrile,Glove,Palm,A,,1,FAIL,None,x,
60,2022-04-23 15:31:38.208,1,60,15,6,16,2,White,5,0,S,STRONG-Black,Nitrile,Glove,Middle,A,2.7,1,0,20220423_153138.jpg,y,
61,2022-04-23 15:31:48.576,1,61,15,6,16,2,White,5,0,S,STRONG-Black,Nitrile,Glove,Middle,A,2.7,2,40,20220423_153149.jpg,y,
62,2022-04-23 15:31:52.896,1,62,15,6,16,2,White,5,0,S,STRONG-Black,Nitrile,Glove,Middle,A,2.7,3,80,20220423_153153.jpg,y,
63,2022-04-23 15:32:06.720,1,63,15,6,16,2,White,5,0,S,STRONG-Black,Nitrile,Glove,Middle,A,2.7,4,120,20220423_153207.jpg,y,
64,2022-04-23 15:32:11.904,1,64,15,6,16,2,White,5,0,S,STRONG-Black,Nitrile,Glove,Middle,A,2.7,5,160,20220423_153212.jpg,y,
65,2022-04-23 15:32:17.952,1,65,15,6,16,2,White,5,0,S,STRONG-Black,Nitrile,Glove,Middle,A,2.7,6,200,20220423_153218.jpg,y,
66,2022-04-23 15:34:12.000,1,66,16,7,17,2,White,5,0,L,STRONG-Black,Nitrile,Glove,Middle,A,3.0,1,0,20220423_153412.jpg,y,
67,2022-04-23 15:34:17.184,1,67,16,7,17,2,White,5,0,L,STRONG-Black,Nitrile,Glove,Middle,A,3.0,2,40,20220423_153417.jpg,y,
68,2022-04-23 15:34:22.368,1,68,16,7,17,2,White,5,0,L,STRONG-Black,Nitrile,Glove,Middle,A,3.0,3,80,20220423_153422.jpg,y,
69,2022-04-23 15:34:25.824,1,69,16,7,17,2,White,5,0,L,STRONG-Black,Nitrile,Glove,Middle,A,3.0,4,120,20220423_153426.jpg,y,
70,2022-04-23 15:34:30.144,1,70,16,7,17,2,White,5,0,L,STRONG-Black,Nitrile,Glove,Middle,A,3.0,5,160,20220423_153430.jpg,y,
71,2022-04-23 15:34:33.600,1,71,16,7,17,2,White,5,0,L,STRONG-Black,Nitrile,Glove,Middle,A,3.0,6,200,20220423_153434.jpg,y,
72,2022-04-23 15:38:46.752,1,72,17,8,18,2,White,5,0,M,STRONG-Black,Nitrile,Glove,Two,A,5.1,1,0,20220423_153847.jpg,y,
73,2022-04-23 15:38:57.120,1,73,17,8,18,2,White,5,0,M,STRONG-Black,Nitrile,Glove,Two,A,5.1,2,40,20220423_153857.jpg,y,
74,2022-04-23 15:39:00.576,1,74,17,8,18,2,White,5,0,M,STRONG-Black,Nitrile,Glove,Two,A,5.1,3,80,20220423_153901.jpg,y,
75,2022-04-23 15:39:04.032,1,75,17,8,18,2,White,5,0,M,STRONG-Black,Nitrile,Glove,Two,A,5.1,4,120,20220423_153904.jpg,y,
76,2022-04-23 15:39:08.352,1,76,17,8,18,2,White,5,0,M,STRONG-Black,Nitrile,Glove,Two,A,5.1,5,160,20220423_153908.jpg,y,
77,2022-04-23 15:39:11.808,1,77,17,8,18,2,White,5,0,M,STRONG-Black,Nitrile,Glove,Two,A,5.1,6,200,20220423_153912.jpg,y,
78,2022-04-23 15:41:55.104,1,78,18,6,19,3,White,5,0,S,STRONG-Black,Nitrile,Glove,Middle,A,2.75,1,0,20220423_154155.jpg,y,
79,2022-04-23 15:42:00.288,1,79,18,6,19,3,White,5,0,S,STRONG-Black,Nitrile,Glove,Middle,A,2.75,2,40,20220423_154200.jpg,y,
80,2022-04-23 15:42:02.880,1,80,18,6,19,3,White,5,0,S,STRONG-Black,Nitrile,Glove,Middle,A,2.75,3,80,20220423_154203.jpg,y,
81,2022-04-23 15:42:07.200,1,81,18,6,19,3,White,5,0,S,STRONG-Black,Nitrile,Glove,Middle,A,2.75,4,120,20220423_154207.jpg,y,
82,2022-04-23 15:42:10.656,1,82,18,6,19,3,White,5,0,S,STRONG-Black,Nitrile,Glove,Middle,A,2.75,5,160,20220423_154211.jpg,y,
83,2022-04-23 15:42:14.976,1,83,18,6,19,3,White,5,0,S,STRONG-Black,Nitrile,Glove,Middle,A,2.75,6,200,20220423_154215.jpg,y,
84,2022-04-23 15:44:40.128,1,84,19,7,20,3,White,5,0,L,STRONG-Black,Nitrile,Glove,Middle,A,3.2,1,0,20220423_154440.jpg,y,
85,2022-04-23 15:44:47.904,1,85,19,7,20,3,White,5,0,L,STRONG-Black,Nitrile,Glove,Middle,A,3.2,2,40,20220423_154448.jpg,y,
86,2022-04-23 15:44:53.088,1,86,19,7,20,3,White,5,0,L,STRONG-Black,Nitrile,Glove,Middle,A,3.2,3,80,20220423_154453.jpg,y,
87,2022-04-23 15:44:58.272,1,87,19,7,20,3,White,5,0,L,STRONG-Black,Nitrile,Glove,Middle,A,3.2,4,120,20220423_154458.jpg,y,
88,2022-04-23 15:45:01.728,1,88,19,7,20,3,White,5,0,L,STRONG-Black,Nitrile,Glove,Middle,A,3.2,5,160,20220423_154502.jpg,y,
89,2022-04-23 15:45:06.048,1,89,19,7,20,3,White,5,0,L,STRONG-Black,Nitrile,Glove,Middle,A,3.2,6,200,20220423_154506.jpg,y,
90,2022-04-23 15:49:27.840,1,90,20,8,21,3,White,5,0,M,STRONG-Black,Nitrile,Glove,Two,A,5.0,1,0,20220423_154928.jpg,y,
91,2022-04-23 15:49:33.888,1,91,20,8,21,3,White,5,0,M,STRONG-Black,Nitrile,Glove,Two,A,5.0,2,40,20220423_154934.jpg,y,
92,2022-04-23 15:49:39.072,1,92,20,8,21,3,White,5,0,M,STRONG-Black,Nitrile,Glove,Two,A,5.0,3,80,20220423_154939.jpg,y,
93,2022-04-23 15:49:44.256,1,93,20,8,21,3,White,5,0,M,STRONG-Black,Nitrile,Glove,Two,A,5.0,4,120,20220423_154944.jpg,y,
94,2022-04-23 15:49:47.712,1,94,20,8,21,3,White,5,0,M,STRONG-Black,Nitrile,Glove,Two,A,5.0,5,160,20220423_154948.jpg,y,
95,2022-04-23 15:49:52.896,1,95,20,8,21,3,White,5,0,M,STRONG-Black,Nitrile,Glove,Two,A,5.0,6,200,20220423_154953.jpg,y,
96,2022-04-23 16:11:15.072,1,96,21,11,22,1,White,3,0,Unspecified,Trojan,Latex,Condom,Precut,,3.7,1,0,20220423_161115.jpg,y,
97,2022-04-23 16:11:23.712,1,97,21,11,22,1,White,3,0,Unspecified,Trojan,Latex,Condom,Precut,,3.7,2,40,20220423_161124.jpg,y,
98,2022-04-23 16:11:28.896,1,98,21,11,22,1,White,3,0,Unspecified,Trojan,Latex,Condom,Precut,,3.7,3,80,20220423_161129.jpg,y,
99,2022-04-23 16:11:33.216,1,99,21,11,22,1,White,3,0,Unspecified,Trojan,Latex,Condom,Precut,,3.7,4,120,20220423_161133.jpg,y,
100,2022-04-23 16:11:39.264,1,100,21,11,22,1,White,3,0,Unspecified,Trojan,Latex,Condom,Precut,,3.7,5,160,20220423_161139.jpg,y,
101,2022-04-23 16:11:42.720,1,101,21,11,22,1,White,3,0,Unspecified,Trojan,Latex,Condom,Precut,,3.7,6,200,20220423_161143.jpg,y,
102,2022-04-23 16:17:56.832,1,102,22,12,23,1,White,3,0,Unspecified,Lifestyle,Latex,Condom,Precut,,3.6,1,0,20220423_161757.jpg,y,
103,2022-04-23 16:18:02.016,1,103,22,12,23,1,White,3,0,Unspecified,Lifestyle,Latex,Condom,Precut,,3.6,2,40,20220423_161802.jpg,y,
104,2022-04-23 16:18:07.200,1,104,22,12,23,1,White,3,0,Unspecified,Lifestyle,Latex,Condom,Precut,,3.6,3,80,20220423_161807.jpg,y,
105,2022-04-23 16:18:10.656,1,105,22,12,23,1,White,3,0,Unspecified,Lifestyle,Latex,Condom,Precut,,3.6,4,120,20220423_161811.jpg,y,
106,2022-04-23 16:18:15.840,1,106,22,12,23,1,White,3,0,Unspecified,Lifestyle,Latex,Condom,Precut,,3.6,5,160,20220423_161816.jpg,y,
107,2022-04-23 16:18:23.616,1,107,22,12,23,1,White,3,0,Unspecified,Lifestyle,Latex,Condom,Precut,,3.6,6,200,20220423_161824.jpg,y,
108,2022-04-23 16:27:02.880,1,108,23,13,24,1,White,3,0,Unspecified,Durex,Polyisoprene,Condom,Precut,,3.55,1,0,20220423_162703.jpg,y,
109,2022-04-23 16:27:09.792,1,109,23,13,24,1,White,3,0,Unspecified,Durex,Polyisoprene,Condom,Precut,,3.55,2,40,20220423_162710.jpg,y,
110,2022-04-23 16:27:14.976,1,110,23,13,24,1,White,3,0,Unspecified,Durex,Polyisoprene,Condom,Precut,,3.55,3,80,20220423_162715.jpg,y,
111,2022-04-23 16:27:20.160,1,111,23,13,24,1,White,3,0,Unspecified,Durex,Polyisoprene,Condom,Precut,,3.55,4,120,20220423_162720.jpg,y,
112,2022-04-23 16:27:26.208,1,112,23,13,24,1,White,3,0,Unspecified,Durex,Polyisoprene,Condom,Precut,,3.55,5,160,20220423_162726.jpg,y,
113,2022-04-23 16:27:33.984,1,113,23,13,24,1,White,3,0,Unspecified,Durex,Polyisoprene,Condom,Precut,,3.55,6,200,20220423_162734.jpg,y,
114,2022-04-23 16:40:14.304,1,114,24,14,25,1,White,3,0,Unspecified,Skyn,Polyisoprene,Condom,Precut,,3.65,1,0,20220423_164014.jpg,y,
115,2022-04-23 16:40:22.944,1,115,24,14,25,1,White,3,0,Unspecified,Skyn,Polyisoprene,Condom,Precut,,3.65,2,40,20220423_164023.jpg,y,
116,2022-04-23 16:40:28.128,1,116,24,14,25,1,White,3,0,Unspecified,Skyn,Polyisoprene,Condom,Precut,,3.65,3,80,20220423_164028.jpg,y,
117,2022-04-23 16:40:33.312,1,117,24,14,25,1,White,3,0,Unspecified,Skyn,Polyisoprene,Condom,Precut,,3.65,4,120,20220423_164033.jpg,y,
118,2022-04-23 16:40:37.632,1,118,24,14,25,1,White,3,0,Unspecified,Skyn,Polyisoprene,Condom,Precut,,3.65,5,160,20220423_164038.jpg,y,
119,2022-04-23 16:40:43.680,1,119,24,14,25,1,White,3,0,Unspecified,Skyn,Polyisoprene,Condom,Precut,,3.65,6,200,20220423_164044.jpg,y,
120,2022-04-23 16:44:31.776,1,120,25,11,26,2,White,3,0,Unspecified,Trojan,Latex,Condom,Precut,,3.55,1,0,20220423_164432.jpg,y,
121,2022-04-23 16:44:42.144,1,121,25,11,26,2,White,3,0,Unspecified,Trojan,Latex,Condom,Precut,,3.55,2,40,20220423_164442.jpg,y,
122,2022-04-23 16:44:45.600,1,122,25,11,26,2,White,3,0,Unspecified,Trojan,Latex,Condom,Precut,,3.55,3,80,20220423_164446.jpg,y,
123,2022-04-23 16:44:49.920,1,123,25,11,26,2,White,3,0,Unspecified,Trojan,Latex,Condom,Precut,,3.55,4,120,20220423_164450.jpg,y,
124,2022-04-23 16:44:55.104,1,124,25,11,26,2,White,3,0,Unspecified,Trojan,Latex,Condom,Precut,,3.55,5,160,20220423_164455.jpg,y,
125,2022-04-23 16:45:00.288,1,125,25,11,26,2,White,3,0,Unspecified,Trojan,Latex,Condom,Precut,,3.55,6,200,20220423_164500.jpg,y,
126,2022-04-23 16:47:48.768,1,126,26,12,27,2,White,3,0,Unspecified,Lifestyle,Latex,Condom,Precut,,3.65,1,0,20220423_164749.jpg,y,
127,2022-04-23 16:47:53.952,1,127,26,12,27,2,White,3,0,Unspecified,Lifestyle,Latex,Condom,Precut,,3.65,2,40,20220423_164754.jpg,y,
128,2022-04-23 16:47:59.136,1,128,26,12,27,2,White,3,0,Unspecified,Lifestyle,Latex,Condom,Precut,,3.65,3,80,20220423_164759.jpg,y,
129,2022-04-23 16:48:02.592,1,129,26,12,27,2,White,3,0,Unspecified,Lifestyle,Latex,Condom,Precut,,3.65,4,120,20220423_164803.jpg,y,
130,2022-04-23 16:48:07.776,1,130,26,12,27,2,White,3,0,Unspecified,Lifestyle,Latex,Condom,Precut,,3.65,5,160,20220423_164808.jpg,y,
131,2022-04-23 16:48:12.096,1,131,26,12,27,2,White,3,0,Unspecified,Lifestyle,Latex,Condom,Precut,,3.65,6,200,20220423_164812.jpg,y,
132,2022-04-23 16:52:44.256,1,132,27,13,28,2,White,3,0,Unspecified,Durex,Polyisoprene,Condom,Precut,,3.55,1,0,20220423_165244.jpg,y,
133,2022-04-23 16:52:51.168,1,133,27,13,28,2,White,3,0,Unspecified,Durex,Polyisoprene,Condom,Precut,,3.55,2,40,20220423_165251.jpg,y,
134,2022-04-23 16:52:54.624,1,134,27,13,28,2,White,3,0,Unspecified,Durex,Polyisoprene,Condom,Precut,,3.55,3,80,20220423_165255.jpg,y,
135,2022-04-23 16:52:58.944,1,135,27,13,28,2,White,3,0,Unspecified,Durex,Polyisoprene,Condom,Precut,,3.55,4,120,20220423_165259.jpg,y,
136,2022-04-23 16:53:04.128,1,136,27,13,28,2,White,3,0,Unspecified,Durex,Polyisoprene,Condom,Precut,,3.55,5,160,20220423_165304.jpg,y,
137,2022-04-23 16:53:10.176,1,137,27,13,28,2,White,3,0,Unspecified,Durex,Polyisoprene,Condom,Precut,,3.55,6,200,20220423_165310.jpg,y,
138,2022-04-23 16:56:09.888,1,138,28,14,29,2,White,3,0,Unspecified,Skyn,Polyisoprene,Condom,Precut,,3.75,1,0,20220423_165610.jpg,y,
139,2022-04-23 16:56:15.936,1,139,28,14,29,2,White,3,0,Unspecified,Skyn,Polyisoprene,Condom,Precut,,3.75,2,40,20220423_165616.jpg,y,
140,2022-04-23 16:56:21.120,1,140,28,14,29,2,White,3,0,Unspecified,Skyn,Polyisoprene,Condom,Precut,,3.75,3,80,20220423_165621.jpg,y,
141,2022-04-23 16:56:24.576,1,141,28,14,29,2,White,3,0,Unspecified,Skyn,Polyisoprene,Condom,Precut,,3.75,4,120,20220423_165625.jpg,y,
142,2022-04-23 16:56:28.896,1,142,28,14,29,2,White,3,0,Unspecified,Skyn,Polyisoprene,Condom,Precut,,3.75,5,160,20220423_165629.jpg,y,
143,2022-04-23 16:56:33.216,1,143,28,14,29,2,White,3,0,Unspecified,Skyn,Polyisoprene,Condom,Precut,,3.75,6,200,20220423_165633.jpg,y,
144,2022-04-23 17:01:28.704,1,144,29,11,30,3,White,3,0,Unspecified,Trojan,Latex,Condom,Precut,,3.55,1,0,20220423_170129.jpg,y,
145,2022-04-23 17:01:39.072,1,145,29,11,30,3,White,3,0,Unspecified,Trojan,Latex,Condom,Precut,,3.55,2,40,20220423_170139.jpg,y,
146,2022-04-23 17:01:44.256,1,146,29,11,30,3,White,3,0,Unspecified,Trojan,Latex,Condom,Precut,,3.55,3,80,20220423_170144.jpg,y,
147,2022-04-23 17:01:48.576,1,147,29,11,30,3,White,3,0,Unspecified,Trojan,Latex,Condom,Precut,,3.55,4,120,20220423_170149.jpg,y,
148,2022-04-23 17:01:53.760,1,148,29,11,30,3,White,3,0,Unspecified,Trojan,Latex,Condom,Precut,,3.55,5,160,20220423_170154.jpg,y,
149,2022-04-23 17:02:09.312,1,149,29,11,30,3,White,3,0,Unspecified,Trojan,Latex,Condom,Precut,,3.55,6,200,20220423_170209.jpg,y,
150,2022-04-23 17:05:06.432,1,150,30,12,31,3,White,3,0,Unspecified,Lifestyle,Latex,Condom,Precut,,3.65,1,0,20220423_170506.jpg,y,
151,2022-04-23 17:05:10.752,1,151,30,12,31,3,White,3,0,Unspecified,Lifestyle,Latex,Condom,Precut,,3.65,2,40,20220423_170511.jpg,y,
152,2022-04-23 17:05:15.936,1,152,30,12,31,3,White,3,0,Unspecified,Lifestyle,Latex,Condom,Precut,,3.65,3,80,20220423_170516.jpg,y,
153,2022-04-23 17:05:20.256,1,153,30,12,31,3,White,3,0,Unspecified,Lifestyle,Latex,Condom,Precut,,3.65,4,120,20220423_170520.jpg,y,
154,2022-04-23 17:05:24.576,1,154,30,12,31,3,White,3,0,Unspecified,Lifestyle,Latex,Condom,Precut,,3.65,5,160,20220423_170525.jpg,y,
155,2022-04-23 17:05:29.760,1,155,30,12,31,3,White,3,0,Unspecified,Lifestyle,Latex,Condom,Precut,,3.65,6,200,20220423_170530.jpg,y,
156,2022-04-23 17:08:50.208,1,156,31,13,32,3,White,3,0,Unspecified,Durex,Polyisoprene,Condom,Precut,,3.6,1,0,20220423_170850.jpg,y,
157,2022-04-23 17:08:57.984,1,157,31,13,32,3,White,3,0,Unspecified,Durex,Polyisoprene,Condom,Precut,,3.6,2,40,20220423_170858.jpg,y,
158,2022-04-23 17:09:03.168,1,158,31,13,32,3,White,3,0,Unspecified,Durex,Polyisoprene,Condom,Precut,,3.6,3,80,20220423_170903.jpg,y,
159,2022-04-23 17:09:05.760,1,159,31,13,32,3,White,3,0,Unspecified,Durex,Polyisoprene,Condom,Precut,,3.6,4,120,20220423_170906.jpg,y,
160,2022-04-23 17:09:10.944,1,160,31,13,32,3,White,3,0,Unspecified,Durex,Polyisoprene,Condom,Precut,,3.6,5,160,20220423_170911.jpg,y,
161,2022-04-23 17:09:16.128,1,161,31,13,32,3,White,3,0,Unspecified,Durex,Polyisoprene,Condom,Precut,,3.6,6,200,20220423_170916.jpg,y,
162,2022-04-23 17:12:22.752,1,162,32,14,33,3,White,3,0,Unspecified,Skyn,Polyisoprene,Condom,Precut,,3.6,1,0,20220423_171223.jpg,y,
163,2022-04-23 17:12:27.072,1,163,32,14,33,3,White,3,0,Unspecified,Skyn,Polyisoprene,Condom,Precut,,3.6,2,40,20220423_171227.jpg,y,
164,2022-04-23 17:12:32.256,1,164,32,14,33,3,White,3,0,Unspecified,Skyn,Polyisoprene,Condom,Precut,,3.6,3,80,20220423_171232.jpg,y,
165,2022-04-23 17:12:38.304,1,165,32,14,33,3,White,3,0,Unspecified,Skyn,Polyisoprene,Condom,Precut,,3.6,4,120,20220423_171238.jpg,y,
166,2022-04-23 17:12:42.624,1,166,32,14,33,3,White,3,0,Unspecified,Skyn,Polyisoprene,Condom,Precut,,3.6,5,160,20220423_171243.jpg,y,
167,2022-04-23 17:12:48.672,1,167,32,14,33,3,White,3,0,Unspecified,Skyn,Polyisoprene,Condom,Precut,,3.6,6,200,20220423_171249.jpg,y,
168,2022-04-23 17:16:50.592,1,168,33,15,34,1,White,3,0,None,None,None,None,None,,4.1,1,0,20220423_171651.jpg,y,
169,2022-04-23 17:16:58.368,1,169,33,15,34,1,White,3,0,None,None,None,None,None,,4.1,2,40,20220423_171658.jpg,y,
170,2022-04-23 17:17:04.416,1,170,33,15,34,1,White,3,0,None,None,None,None,None,,4.1,3,80,20220423_171704.jpg,y,
171,2022-04-23 17:17:07.008,1,171,33,15,34,1,White,3,0,None,None,None,None,None,,4.1,4,120,20220423_171707.jpg,y,
172,2022-04-23 17:17:12.192,1,172,33,15,34,1,White,3,0,None,None,None,None,None,,4.1,5,160,20220423_171712.jpg,y,
173,2022-04-23 17:17:17.376,1,173,33,15,34,1,White,3,0,None,None,None,None,None,,4.1,6,200,20220423_171717.jpg,y,
174,2022-04-23 17:21:07.200,1,174,34,16,35,2,White,3,0,None,None,None,None,None,,4.1,1,0,20220423_172107.jpg,y,
175,2022-04-23 17:21:14.112,1,175,34,16,35,2,White,3,0,None,None,None,None,None,,4.1,2,40,20220423_172114.jpg,y,
176,2022-04-23 17:21:18.432,1,176,34,16,35,2,White,3,0,None,None,None,None,None,,4.1,3,80,20220423_172118.jpg,y,
177,2022-04-23 17:21:21.888,1,177,34,16,35,2,White,3,0,None,None,None,None,None,,4.1,4,120,20220423_172122.jpg,y,
178,2022-04-23 17:21:27.072,1,178,34,16,35,2,White,3,0,None,None,None,None,None,,4.1,5,160,20220423_172127.jpg,y,
179,2022-04-23 17:21:31.392,1,179,34,16,35,2,White,3,0,None,None,None,None,None,,4.1,6,200,20220423_172131.jpg,y,
180,2022-04-23 17:22:31.008,1,180,35,17,36,3,White,3,0,None,None,None,None,None,,4.1,1,0,20220423_172231.jpg,y,
181,2022-04-23 17:22:35.328,1,181,35,17,36,3,White,3,0,None,None,None,None,None,,4.1,2,40,20220423_172235.jpg,y,
182,2022-04-23 17:22:38.784,1,182,35,17,36,3,White,3,0,None,None,None,None,None,,4.1,3,80,20220423_172239.jpg,y,
183,2022-04-23 17:22:42.240,1,183,35,17,36,3,White,3,0,None,None,None,None,None,,4.1,4,120,20220423_172242.jpg,y,
184,2022-04-23 17:22:45.696,1,184,35,17,36,3,White,3,0,None,None,None,None,None,,4.1,5,160,20220423_172246.jpg,y,
185,2022-04-23 17:22:50.016,1,185,35,17,36,3,White,3,0,None,None,None,None,None,,4.1,6,200,20220423_172250.jpg,y,
187,2022-08-02 09:20:33.792,2,1,1,19,38,1,White,5,0,M,STRONG-Blue,Nitrile,Glove,Middle,A,,1,0,20220802_092034.jpg,x,T1 white spec
188,2022-08-02 09:20:45.888,2,2,1,19,38,1,White,5,0,M,STRONG-Blue,Nitrile,Glove,Middle,A,,2,20,20220802_092046.jpg,x,
189,2022-08-02 09:20:51.072,2,3,1,19,38,1,White,5,0,M,STRONG-Blue,Nitrile,Glove,Middle,A,,3,40,20220802_092051.jpg,x,
190,2022-08-02 09:20:57.120,2,4,1,19,38,1,White,5,0,M,STRONG-Blue,Nitrile,Glove,Middle,A,,4,60,20220802_092057.jpg,x,
191,2022-08-02 09:21:00.576,2,5,1,19,38,1,White,5,0,M,STRONG-Blue,Nitrile,Glove,Middle,A,,5,80,20220802_092101.jpg,x,
192,2022-08-02 09:21:06.624,2,6,1,19,38,1,White,5,0,M,STRONG-Blue,Nitrile,Glove,Middle,A,,6,120,20220802_092107.jpg,x,
193,2022-08-02 09:21:11.808,2,7,1,19,38,1,White,5,0,M,STRONG-Blue,Nitrile,Glove,Middle,A,,7,160,20220802_092112.jpg,x,
194,2022-08-02 09:21:16.992,2,8,1,19,38,1,White,5,0,M,STRONG-Blue,Nitrile,Glove,Middle,A,,8,200,20220802_092117.jpg,x,
195,2022-08-02 09:30:14.400,2,9,2,19,39,1,White,5,0,M,STRONG-Blue,Nitrile,Glove,Middle,A,2.8,1,0,20220802_093014.jpg,y,T1 white spec redo
196,2022-08-02 09:30:19.584,2,10,2,19,39,1,White,5,0,M,STRONG-Blue,Nitrile,Glove,Middle,A,2.8,2,20,20220802_093020.jpg,y,
197,2022-08-02 09:30:23.040,2,11,2,19,39,1,White,5,0,M,STRONG-Blue,Nitrile,Glove,Middle,A,2.8,3,40,20220802_093023.jpg,y,
198,2022-08-02 09:30:27.360,2,12,2,19,39,1,White,5,0,M,STRONG-Blue,Nitrile,Glove,Middle,A,2.8,4,60,20220802_093027.jpg,y,
199,2022-08-02 09:30:31.680,2,13,2,19,39,1,White,5,0,M,STRONG-Blue,Nitrile,Glove,Middle,A,2.8,5,80,20220802_093032.jpg,y,
200,2022-08-02 09:30:36.000,2,14,2,19,39,1,White,5,0,M,STRONG-Blue,Nitrile,Glove,Middle,A,2.8,6,120,20220802_093036.jpg,y,
201,2022-08-02 09:30:40.320,2,15,2,19,39,1,White,5,0,M,STRONG-Blue,Nitrile,Glove,Middle,A,2.8,7,160,20220802_093040.jpg,y,
202,2022-08-02 09:30:44.640,2,16,2,19,39,1,White,5,0,M,STRONG-Blue,Nitrile,Glove,Middle,A,2.8,8,200,20220802_093045.jpg,y,
203,2022-08-02 10:05:31.200,2,17,3,20,40,1,Blue,5,0,M,STRONG-Blue,Nitrile,Glove,Middle,A,2.5,1,0,20220802_100531.jpg,y,T1 blue spec
204,2022-08-02 10:05:45.888,2,18,3,20,40,1,Blue,5,0,M,STRONG-Blue,Nitrile,Glove,Middle,A,2.5,2,20,20220802_100546.jpg,y,
205,2022-08-02 10:05:50.208,2,19,3,20,40,1,Blue,5,0,M,STRONG-Blue,Nitrile,Glove,Middle,A,2.5,3,40,20220802_100550.jpg,y,
206,2022-08-02 10:05:53.664,2,20,3,20,40,1,Blue,5,0,M,STRONG-Blue,Nitrile,Glove,Middle,A,2.5,4,60,20220802_100554.jpg,y,
207,2022-08-02 10:05:58.848,2,21,3,20,40,1,Blue,5,0,M,STRONG-Blue,Nitrile,Glove,Middle,A,2.5,5,80,20220802_100559.jpg,y,
208,2022-08-02 10:06:02.304,2,22,3,20,40,1,Blue,5,0,M,STRONG-Blue,Nitrile,Glove,Middle,A,2.5,6,120,20220802_100602.jpg,y,
209,2022-08-02 10:06:09.216,2,23,3,20,40,1,Blue,5,0,M,STRONG-Blue,Nitrile,Glove,Middle,A,2.5,7,160,20220802_100609.jpg,y,
210,2022-08-02 10:06:14.400,2,24,3,20,40,1,Blue,5,0,M,STRONG-Blue,Nitrile,Glove,Middle,A,2.5,8,200,20220802_100614.jpg,y,
211,2022-08-02 10:15:46.368,2,25,4,19,41,2,White,5,0,M,STRONG-Blue,Nitrile,Glove,Middle,A,2.6,1,0,20220802_101546.jpg,y,T2 white spec
212,2022-08-02 10:15:53.280,2,26,4,19,41,2,White,5,0,M,STRONG-Blue,Nitrile,Glove,Middle,A,2.6,2,20,20220802_101553.jpg,y,
213,2022-08-02 10:15:56.736,2,27,4,19,41,2,White,5,0,M,STRONG-Blue,Nitrile,Glove,Middle,A,2.6,3,40,20220802_101557.jpg,y,
214,2022-08-02 10:16:00.192,2,28,4,19,41,2,White,5,0,M,STRONG-Blue,Nitrile,Glove,Middle,A,2.6,4,60,20220802_101600.jpg,y,
215,2022-08-02 10:16:03.648,2,29,4,19,41,2,White,5,0,M,STRONG-Blue,Nitrile,Glove,Middle,A,2.6,5,80,20220802_101604.jpg,y,
216,2022-08-02 10:16:11.424,2,30,4,19,41,2,White,5,0,M,STRONG-Blue,Nitrile,Glove,Middle,A,2.6,6,120,20220802_101611.jpg,y,
217,2022-08-02 10:16:16.608,2,31,4,19,41,2,White,5,0,M,STRONG-Blue,Nitrile,Glove,Middle,A,2.6,7,160,20220802_101617.jpg,y,
218,2022-08-02 10:16:21.792,2,32,4,19,41,2,White,5,0,M,STRONG-Blue,Nitrile,Glove,Middle,A,2.6,8,200,20220802_101622.jpg,y,
219,2022-08-02 10:21:57.888,2,33,5,21,42,2,Green,5,0,M,STRONG-Blue,Nitrile,Glove,Middle,A,2.7,1,0,20220802_102158.jpg,y,T2 green spec
220,2022-08-02 10:22:05.664,2,34,5,21,42,2,Green,5,0,M,STRONG-Blue,Nitrile,Glove,Middle,A,2.7,2,20,20220802_102206.jpg,y,
221,2022-08-02 10:22:09.984,2,35,5,21,42,2,Green,5,0,M,STRONG-Blue,Nitrile,Glove,Middle,A,2.7,3,40,20220802_102210.jpg,y,
222,2022-08-02 10:22:14.304,2,36,5,21,42,2,Green,5,0,M,STRONG-Blue,Nitrile,Glove,Middle,A,2.7,4,60,20220802_102214.jpg,y,
223,2022-08-02 10:22:20.352,2,37,5,21,42,2,Green,5,0,M,STRONG-Blue,Nitrile,Glove,Middle,A,2.7,5,80,20220802_102220.jpg,y,
224,2022-08-02 10:22:26.400,2,38,5,21,42,2,Green,5,0,M,STRONG-Blue,Nitrile,Glove,Middle,A,2.7,6,120,20220802_102226.jpg,y,
225,2022-08-02 10:22:31.584,2,39,5,21,42,2,Green,5,0,M,STRONG-Blue,Nitrile,Glove,Middle,A,2.7,7,160,20220802_102232.jpg,y,
226,2022-08-02 10:22:43.680,2,40,5,21,42,2,Green,5,0,M,STRONG-Blue,Nitrile,Glove,Middle,A,2.7,8,200,20220802_102244.jpg,y,
227,2022-08-02 10:26:31.776,2,41,6,20,43,2,Blue,5,0,M,STRONG-Blue,Nitrile,Glove,Middle,A,,1,,20220802_102632.jpg,x,T2 blue spec
228,2022-08-02 10:26:42.144,2,42,6,20,43,2,Blue,5,0,M,STRONG-Blue,Nitrile,Glove,Middle,A,,2,,20220802_102642.jpg,x,
229,2022-08-02 10:26:45.600,2,43,6,20,43,2,Blue,5,0,M,STRONG-Blue,Nitrile,Glove,Middle,A,,3,,20220802_102646.jpg,x,
230,2022-08-02 10:26:49.920,2,44,6,20,43,2,Blue,5,0,M,STRONG-Blue,Nitrile,Glove,Middle,A,,4,,20220802_102650.jpg,x,
231,2022-08-02 10:28:50.880,2,45,6,20,44,2,Blue,5,0,M,STRONG-Blue,Nitrile,Glove,Middle,A,2.1,1,0,20220802_102851.jpg,y,T2 blue spec redo
232,2022-08-02 10:28:56.928,2,46,6,20,44,2,Blue,5,0,M,STRONG-Blue,Nitrile,Glove,Middle,A,2.1,2,20,20220802_102857.jpg,y,
233,2022-08-02 10:29:09.888,2,47,6,20,44,2,Blue,5,0,M,STRONG-Blue,Nitrile,Glove,Middle,A,2.1,3,40,20220802_102910.jpg,y,
234,2022-08-02 10:29:14.208,2,48,6,20,44,2,Blue,5,0,M,STRONG-Blue,Nitrile,Glove,Middle,A,2.1,4,60,20220802_102914.jpg,y,
235,2022-08-02 10:29:17.664,2,49,7,20,44,2,Blue,5,0,M,STRONG-Blue,Nitrile,Glove,Middle,A,2.1,5,80,20220802_102918.jpg,y,
236,2022-08-02 10:29:23.712,2,50,7,20,44,2,Blue,5,0,M,STRONG-Blue,Nitrile,Glove,Middle,A,2.1,6,120,20220802_102924.jpg,y,
237,2022-08-02 10:29:28.896,2,51,7,20,44,2,Blue,5,0,M,STRONG-Blue,Nitrile,Glove,Middle,A,2.1,7,160,20220802_102929.jpg,y,
238,2022-08-02 10:29:33.216,2,52,7,20,44,2,Blue,5,0,M,STRONG-Blue,Nitrile,Glove,Middle,A,2.1,8,200,20220802_102933.jpg,y,
239,2022-08-02 10:35:43.872,2,53,7,19,45,3,White,5,0,M,STRONG-Blue,Nitrile,Glove,Middle,A,,1,,20220802_103544.jpg,x,T3 white spec
240,2022-08-02 10:35:49.056,2,54,7,19,45,3,White,5,0,M,STRONG-Blue,Nitrile,Glove,Middle,A,,2,,20220802_103549.jpg,x,
241,2022-08-02 10:35:56.832,2,55,7,19,45,3,White,5,0,M,STRONG-Blue,Nitrile,Glove,Middle,A,,3,,20220802_103557.jpg,x,
242,2022-08-02 10:36:02.016,2,56,7,19,45,3,White,5,0,M,STRONG-Blue,Nitrile,Glove,Middle,A,,4,,20220802_103602.jpg,x,
243,2022-08-02 10:36:04.608,2,57,8,19,45,3,White,5,0,M,STRONG-Blue,Nitrile,Glove,Middle,A,,5,,20220802_103605.jpg,x,
244,2022-08-02 10:36:10.656,2,58,8,19,45,3,White,5,0,M,STRONG-Blue,Nitrile,Glove,Middle,A,,6,,20220802_103611.jpg,x,
245,2022-08-02 10:37:31.872,2,59,8,19,46,3,White,5,0,M,STRONG-Blue,Nitrile,Glove,Middle,A,2.5,1,0,20220802_103732.jpg,y,T3 white spec redo
246,2022-08-02 10:37:36.192,2,60,8,19,46,3,White,5,0,M,STRONG-Blue,Nitrile,Glove,Middle,A,2.5,2,20,20220802_103736.jpg,y,
247,2022-08-02 10:37:38.784,2,61,8,19,46,3,White,5,0,M,STRONG-Blue,Nitrile,Glove,Middle,A,2.5,3,40,20220802_103739.jpg,y,
248,2022-08-02 10:37:42.240,2,62,8,19,46,3,White,5,0,M,STRONG-Blue,Nitrile,Glove,Middle,A,2.5,4,60,20220802_103742.jpg,y,
249,2022-08-02 10:37:45.696,2,63,8,19,46,3,White,5,0,M,STRONG-Blue,Nitrile,Glove,Middle,A,2.5,5,80,20220802_103746.jpg,y,
250,2022-08-02 10:37:51.744,2,64,8,19,46,3,White,5,0,M,STRONG-Blue,Nitrile,Glove,Middle,A,2.5,6,120,20220802_103752.jpg,y,
251,2022-08-02 10:37:56.064,2,65,9,19,46,3,White,5,0,M,STRONG-Blue,Nitrile,Glove,Middle,A,2.5,7,160,20220802_103756.jpg,y,
252,2022-08-02 10:37:58.656,2,66,9,19,46,3,White,5,0,M,STRONG-Blue,Nitrile,Glove,Middle,A,2.5,8,200,20220802_103759.jpg,y,
253,2022-08-02 10:41:04.416,2,67,9,21,47,3,Green,5,0,M,STRONG-Blue,Nitrile,Glove,Middle,A,2.5,1,0,20220802_104104.jpg,y,T3 green spec
254,2022-08-02 10:41:07.872,2,68,9,21,47,3,Green,5,0,M,STRONG-Blue,Nitrile,Glove,Middle,A,2.5,2,20,20220802_104108.jpg,y,
255,2022-08-02 10:41:13.920,2,69,9,21,47,3,Green,5,0,M,STRONG-Blue,Nitrile,Glove,Middle,A,2.5,3,40,20220802_104114.jpg,y,
256,2022-08-02 10:41:18.240,2,70,9,21,47,3,Green,5,0,M,STRONG-Blue,Nitrile,Glove,Middle,A,2.5,4,60,20220802_104118.jpg,y,
257,2022-08-02 10:41:20.832,2,71,9,21,47,3,Green,5,0,M,STRONG-Blue,Nitrile,Glove,Middle,A,2.5,5,80,20220802_104121.jpg,y,
258,2022-08-02 10:41:25.152,2,72,9,21,47,3,Green,5,0,M,STRONG-Blue,Nitrile,Glove,Middle,A,2.5,6,120,20220802_104125.jpg,y,
259,2022-08-02 10:41:30.336,2,73,10,21,47,3,Green,5,0,M,STRONG-Blue,Nitrile,Glove,Middle,A,2.5,7,160,20220802_104130.jpg,y,
260,2022-08-02 10:41:34.656,2,74,10,21,47,3,Green,5,0,M,STRONG-Blue,Nitrile,Glove,Middle,A,2.5,8,200,20220802_104135.jpg,y,
261,2022-08-02 10:46:56.064,2,75,10,20,48,3,Blue,5,0,M,STRONG-Blue,Nitrile,Glove,Middle,A,2.0,1,0,20220802_104656.jpg,y,T3 blue spec
262,2022-08-02 10:47:01.248,2,76,10,20,48,3,Blue,5,0,M,STRONG-Blue,Nitrile,Glove,Middle,A,2.0,2,20,20220802_104701.jpg,y,
263,2022-08-02 10:47:06.432,2,77,10,20,48,3,Blue,5,0,M,STRONG-Blue,Nitrile,Glove,Middle,A,2.0,3,40,20220802_104706.jpg,y,
264,2022-08-02 10:47:09.888,2,78,10,20,48,3,Blue,5,0,M,STRONG-Blue,Nitrile,Glove,Middle,A,2.0,4,60,20220802_104710.jpg,y,
265,2022-08-02 10:47:14.208,2,79,10,20,48,3,Blue,5,0,M,STRONG-Blue,Nitrile,Glove,Middle,A,2.0,5,80,20220802_104714.jpg,y,
266,2022-08-02 10:47:20.256,2,80,10,20,48,3,Blue,5,0,M,STRONG-Blue,Nitrile,Glove,Middle,A,2.0,6,120,20220802_104720.jpg,y,
267,2022-08-02 10:47:23.712,2,81,11,20,48,3,Blue,5,0,M,STRONG-Blue,Nitrile,Glove,Middle,A,2.0,7,160,20220802_104724.jpg,y,
268,2022-08-02 10:47:28.896,2,82,11,20,48,3,Blue,5,0,M,STRONG-Blue,Nitrile,Glove,Middle,A,2.0,8,200,20220802_104729.jpg,y,
269,2022-08-02 10:52:34.752,2,83,11,21,49,1,Green,5,0,M,STRONG-Blue,Nitrile,Glove,Middle,A,,1,,20220802_105235.jpg,x,T1 green spec redo Android
270,2022-08-02 10:52:39.936,2,84,11,21,49,1,Green,5,0,M,STRONG-Blue,Nitrile,Glove,Middle,A,,2,,20220802_105240.jpg,x,
271,2022-08-02 10:52:43.392,2,85,11,21,49,1,Green,5,0,M,STRONG-Blue,Nitrile,Glove,Middle,A,,3,,20220802_105243.jpg,x,
272,2022-08-02 10:52:47.712,2,86,11,21,49,1,Green,5,0,M,STRONG-Blue,Nitrile,Glove,Middle,A,,4,,20220802_105248.jpg,x,
273,2022-08-02 10:52:52.896,2,87,11,21,49,1,Green,5,0,M,STRONG-Blue,Nitrile,Glove,Middle,A,,5,,20220802_105253.jpg,x,
274,2022-08-02 10:52:57.216,2,88,11,21,49,1,Green,5,0,M,STRONG-Blue,Nitrile,Glove,Middle,A,,6,,20220802_105257.jpg,x,
275,2022-08-02 10:54:01.152,2,89,12,21,50,1,Green,5,0,M,STRONG-Blue,Nitrile,Glove,Middle,A,2.5,1,0,20220802_105401.jpg,y,"T1 green spec redo Android, redo final"
276,2022-08-02 10:54:04.608,2,90,12,21,50,1,Green,5,0,M,STRONG-Blue,Nitrile,Glove,Middle,A,2.5,2,20,20220802_105405.jpg,y,
277,2022-08-02 10:54:09.792,2,91,12,21,50,1,Green,5,0,M,STRONG-Blue,Nitrile,Glove,Middle,A,2.5,3,40,20220802_105410.jpg,y,
278,2022-08-02 10:54:14.112,2,92,12,21,50,1,Green,5,0,M,STRONG-Blue,Nitrile,Glove,Middle,A,2.5,4,60,20220802_105414.jpg,y,
279,2022-08-02 10:54:18.432,2,93,12,21,50,1,Green,5,0,M,STRONG-Blue,Nitrile,Glove,Middle,A,2.5,5,80,20220802_105418.jpg,y,
280,2022-08-02 10:54:22.752,2,94,12,21,50,1,Green,5,0,M,STRONG-Blue,Nitrile,Glove,Middle,A,2.5,6,120,20220802_105423.jpg,y,
281,2022-08-02 10:54:28.800,2,95,12,21,50,1,Green,5,0,M,STRONG-Blue,Nitrile,Glove,Middle,A,2.5,7,160,20220802_105429.jpg,y,
282,2022-08-02 10:54:33.984,2,96,12,21,50,1,Green,5,0,M,STRONG-Blue,Nitrile,Glove,Middle,A,2.5,8,200,20220802_105434.jpg,y,
283,2022-08-02 00:00:00.000,2,97,13,22,51,1,Yellow,5,0,M,STRONG-Blue,Nitrile,Glove,Middle,A,2.55,1,0,None,y,
284,2022-11-13 15:05:34.368,3,1,1,23,52,1,Green,5,0,M,STRONG-Blue,Nitrile,Glove,Middle,A,,1,0,20221113_150534.jpg,,
285,2022-11-13 15:05:43.872,3,2,1,23,52,1,Green,5,0,M,STRONG-Blue,Nitrile,Glove,Middle,A,,2,20,20221113_150544.jpg,,
286,2022-11-13 15:05:50.784,3,3,1,23,52,1,Green,5,0,M,STRONG-Blue,Nitrile,Glove,Middle,A,,3,40,20221113_150551.jpg,,
287,2022-11-13 15:05:56.832,3,4,1,23,52,1,Green,5,0,M,STRONG-Blue,Nitrile,Glove,Middle,A,,4,60,20221113_150557.jpg,,
288,2022-11-13 15:06:01.152,3,5,1,23,52,1,Green,5,0,M,STRONG-Blue,Nitrile,Glove,Middle,A,,5,80,20221113_150601.jpg,,
289,2022-11-13 15:06:07.200,3,6,1,23,52,1,Green,5,0,M,STRONG-Blue,Nitrile,Glove,Middle,A,,6,120,20221113_150607.jpg,,
290,2022-11-13 15:06:10.656,3,7,1,23,52,1,Green,5,0,M,STRONG-Blue,Nitrile,Glove,Middle,A,,7,160,20221113_150611.jpg,,
291,2022-11-13 15:06:15.840,3,8,1,23,52,1,Green,5,0,M,STRONG-Blue,Nitrile,Glove,Middle,A,,8,200,20221113_150616.jpg,,
292,2022-11-13 21:18:06.048,3,9,2,24,53,1,White,5,0,M,PP+,Nitrile,Glove,Middle,A,3.55,1,0,20221113_211806.jpg,,
293,2022-11-13 21:18:11.232,3,10,2,24,53,1,White,5,0,M,PP+,Nitrile,Glove,Middle,A,3.55,2,20,20221113_211811.jpg,,
294,2022-11-13 21:18:18.144,3,11,2,24,53,1,White,5,0,M,PP+,Nitrile,Glove,Middle,A,3.55,3,40,20221113_211818.jpg,,
295,2022-11-13 21:18:20.736,3,12,2,24,53,1,White,5,0,M,PP+,Nitrile,Glove,Middle,A,3.55,4,60,20221113_211821.jpg,,
296,2022-11-13 21:18:25.056,3,13,2,24,53,1,White,5,0,M,PP+,Nitrile,Glove,Middle,A,3.55,5,80,20221113_211825.jpg,,
297,2022-11-13 21:18:30.240,3,14,2,24,53,1,White,5,0,M,PP+,Nitrile,Glove,Middle,A,3.55,6,120,20221113_211830.jpg,,
298,2022-11-13 21:18:35.424,3,15,2,24,53,1,White,5,0,M,PP+,Nitrile,Glove,Middle,A,3.55,7,160,20221113_211835.jpg,,
299,2022-11-13 21:18:38.880,3,16,2,24,53,1,White,5,0,M,PP+,Nitrile,Glove,Middle,A,3.55,8,200,20221113_211839.jpg,,
300,2022-11-13 21:27:25.056,3,17,3,25,54,1,White,5,0,L,STRONG-Black,Nitrile,Glove,Middle,A,2.9,1,0,20221113_212725.jpg,,
301,2022-11-13 21:27:31.104,3,18,3,25,54,1,White,5,0,L,STRONG-Black,Nitrile,Glove,Middle,A,2.9,2,20,20221113_212731.jpg,,
302,2022-11-13 21:27:36.288,3,19,3,25,54,1,White,5,0,L,STRONG-Black,Nitrile,Glove,Middle,A,2.9,3,40,20221113_212736.jpg,,
303,2022-11-13 21:27:38.880,3,20,3,25,54,1,White,5,0,L,STRONG-Black,Nitrile,Glove,Middle,A,2.9,4,60,20221113_212739.jpg,,
304,2022-11-13 21:27:44.064,3,21,3,25,54,1,White,5,0,L,STRONG-Black,Nitrile,Glove,Middle,A,2.9,5,80,20221113_212744.jpg,,
305,2022-11-13 21:27:48.384,3,22,3,25,54,1,White,5,0,L,STRONG-Black,Nitrile,Glove,Middle,A,2.9,6,120,20221113_212748.jpg,,
306,2022-11-13 21:27:54.432,3,23,3,25,54,1,White,5,0,L,STRONG-Black,Nitrile,Glove,Middle,A,2.9,7,160,20221113_212754.jpg,,
307,2022-11-13 21:27:58.752,3,24,3,25,54,1,White,5,0,L,STRONG-Black,Nitrile,Glove,Middle,A,2.9,8,200,20221113_212759.jpg,,
308,2023-02-25 13:43:58.080,4,1,1,26,55,1,Green,5,0,M,STRONG-Blue,Nitrile,Glove,Middle,A,2.7,1,0,20230225_134358.jpg,1,New speculum
309,2023-02-25 13:44:59.424,4,2,1,26,55,1,Green,5,0,M,STRONG-Blue,Nitrile,Glove,Middle,A,2.7,2,20,20230225_134459.jpg,,
310,2023-02-25 13:45:08.928,4,3,1,26,55,1,Green,5,0,M,STRONG-Blue,Nitrile,Glove,Middle,A,2.7,3,40,20230225_134509.jpg,,
311,2023-02-25 13:45:19.296,4,4,1,26,55,1,Green,5,0,M,STRONG-Blue,Nitrile,Glove,Middle,A,2.7,4,60,20230225_134519.jpg,,
312,2023-02-25 13:45:27.936,4,5,1,26,55,1,Green,5,0,M,STRONG-Blue,Nitrile,Glove,Middle,A,2.7,5,80,20230225_134528.jpg,,
313,2023-02-25 13:45:36.576,4,6,1,26,55,1,Green,5,0,M,STRONG-Blue,Nitrile,Glove,Middle,A,2.7,6,120,20230225_134537.jpg,,
314,2023-02-25 13:45:52.992,4,7,1,26,55,1,Green,5,0,M,STRONG-Blue,Nitrile,Glove,Middle,A,2.7,7,160,20230225_134553.jpg,,
315,2023-02-25 13:46:18.048,4,8,1,26,55,1,Green,5,0,M,STRONG-Blue,Nitrile,Glove,Middle,A,2.7,8,200,20230225_134618.jpg,,
316,2023-02-25 14:10:44.256,4,9,2,27,56,1,Green,5,0,L,STRONG-Blue,Nitrile,Glove,Middle,A,2.4,1,0,20230225_141044.jpg,2,New speculum d/t click break
317,2023-02-25 14:10:53.760,4,10,2,27,56,1,Green,5,0,L,STRONG-Blue,Nitrile,Glove,Middle,A,2.4,2,20,20230225_141054.jpg,,
318,2023-02-25 14:11:02.400,4,11,2,27,56,1,Green,5,0,L,STRONG-Blue,Nitrile,Glove,Middle,A,2.4,3,40,20230225_141102.jpg,,
319,2023-02-25 14:11:09.312,4,12,2,27,56,1,Green,5,0,L,STRONG-Blue,Nitrile,Glove,Middle,A,2.4,4,60,20230225_141109.jpg,,
320,2023-02-25 14:11:16.224,4,13,2,27,56,1,Green,5,0,L,STRONG-Blue,Nitrile,Glove,Middle,A,2.4,5,80,20230225_141116.jpg,,
321,2023-02-25 14:11:24.864,4,14,2,27,56,1,Green,5,0,L,STRONG-Blue,Nitrile,Glove,Middle,A,2.4,6,120,20230225_141125.jpg,,
322,2023-02-25 14:11:32.640,4,15,2,27,56,1,Green,5,0,L,STRONG-Blue,Nitrile,Glove,Middle,A,2.4,7,160,20230225_141133.jpg,,
323,2023-02-25 14:11:42.144,4,16,2,27,56,1,Green,5,0,L,STRONG-Blue,Nitrile,Glove,Middle,A,2.4,8,200,20230225_141142.jpg,,
324,2023-02-25 14:21:42.624,4,17,3,28,57,1,Green,5,0,7,SensiCare PI,Polyisoprene,Glove,Middle,R,3.3,1,0,20230225_142143.jpg,,Expires 2023-02. New speculum d/t click break
325,2023-02-25 14:21:54.720,4,18,3,28,57,1,Green,5,0,7,SensiCare PI,Polyisoprene,Glove,Middle,R,3.3,2,20,20230225_142155.jpg,,
326,2023-02-25 14:22:00.768,4,19,3,28,57,1,Green,5,0,7,SensiCare PI,Polyisoprene,Glove,Middle,R,3.3,3,40,20230225_142201.jpg,,
327,2023-02-25 14:22:06.816,4,20,3,28,57,1,Green,5,0,7,SensiCare PI,Polyisoprene,Glove,Middle,R,3.3,4,60,20230225_142207.jpg,,
328,2023-02-25 14:22:12.864,4,21,3,28,57,1,Green,5,0,7,SensiCare PI,Polyisoprene,Glove,Middle,R,3.3,5,80,20230225_142213.jpg,,
329,2023-02-25 14:22:19.776,4,22,3,28,57,1,Green,5,0,7,SensiCare PI,Polyisoprene,Glove,Middle,R,3.3,6,120,20230225_142220.jpg,,
330,2023-02-25 14:22:33.600,4,23,3,28,57,1,Green,5,0,7,SensiCare PI,Polyisoprene,Glove,Middle,R,3.3,7,160,20230225_142234.jpg,,
331,2023-02-25 14:22:42.240,4,24,3,28,57,1,Green,5,0,7,SensiCare PI,Polyisoprene,Glove,Middle,R,3.3,8,200,20230225_142242.jpg,,
332,2023-02-25 14:26:38.976,4,25,4,29,58,1,Green,5,0,7,Protexis,Latex,Glove,Middle,R,2.85,1,0,20230225_142639.jpg,,The package was opened a while ago
333,2023-02-25 14:26:51.072,4,26,4,29,58,1,Green,5,0,7,Protexis,Latex,Glove,Middle,R,2.85,2,20,20230225_142651.jpg,,
334,2023-02-25 14:26:57.984,4,27,4,29,58,1,Green,5,0,7,Protexis,Latex,Glove,Middle,R,2.85,3,40,20230225_142658.jpg,,
335,2023-02-25 14:27:03.168,4,28,4,29,58,1,Green,5,0,7,Protexis,Latex,Glove,Middle,R,2.85,4,60,20230225_142703.jpg,,
336,2023-02-25 14:27:06.624,4,29,4,29,58,1,Green,5,0,7,Protexis,Latex,Glove,Middle,R,2.85,5,80,20230225_142707.jpg,,
337,2023-02-25 14:27:12.672,4,30,4,29,58,1,Green,5,0,7,Protexis,Latex,Glove,Middle,R,2.85,6,120,20230225_142713.jpg,,
338,2023-02-25 14:27:19.584,4,31,4,29,58,1,Green,5,0,7,Protexis,Latex,Glove,Middle,R,2.85,7,160,20230225_142720.jpg,,
339,2023-02-25 14:27:27.360,4,32,4,29,58,1,Green,5,0,7,Protexis,Latex,Glove,Middle,R,2.85,8,200,20230225_142727.jpg,,
340,2023-02-25 14:32:23.712,4,33,5,30,59,1,Green,5,0,7,Protexis PI Blue,"Polyisoprene, emollient coating",Glove,Middle,R,3.35,1,0,20230225_143224.jpg,,Expires 2025-04-30. Eve subjectively said this would be difficult.
341,2023-02-25 14:32:34.080,4,34,5,30,59,1,Green,5,0,7,Protexis PI Blue,"Polyisoprene, emollient coating",Glove,Middle,R,3.35,2,20,20230225_143234.jpg,,
342,2023-02-25 14:32:39.264,4,35,5,30,59,1,Green,5,0,7,Protexis PI Blue,"Polyisoprene, emollient coating",Glove,Middle,R,3.35,3,40,20230225_143239.jpg,,
343,2023-02-25 14:32:43.584,4,36,5,30,59,1,Green,5,0,7,Protexis PI Blue,"Polyisoprene, emollient coating",Glove,Middle,R,3.35,4,60,20230225_143244.jpg,,
344,2023-02-25 14:32:49.632,4,37,5,30,59,1,Green,5,0,7,Protexis PI Blue,"Polyisoprene, emollient coating",Glove,Middle,R,3.35,5,80,20230225_143250.jpg,,
345,2023-02-25 14:32:57.408,4,38,5,30,59,1,Green,5,0,7,Protexis PI Blue,"Polyisoprene, emollient coating",Glove,Middle,R,3.35,6,120,20230225_143257.jpg,,
346,2023-02-25 14:33:02.592,4,39,5,30,59,1,Green,5,0,7,Protexis PI Blue,"Polyisoprene, emollient coating",Glove,Middle,R,3.35,7,160,20230225_143303.jpg,,
347,2023-02-25 14:33:10.368,4,40,5,30,59,1,Green,5,0,7,Protexis PI Blue,"Polyisoprene, emollient coating",Glove,Middle,R,3.35,8,200,20230225_143310.jpg,,
348,2023-02-25 14:37:40.800,4,41,6,31,60,1,Green,5,0,8,SensiCare PI,Polyisoprene,Glove,Middle,R,3.05,1,0,20230225_143741.jpg,,
349,2023-02-25 14:37:56.352,4,42,6,31,60,1,Green,5,0,8,SensiCare PI,Polyisoprene,Glove,Middle,R,3.05,2,20,20230225_143756.jpg,,
350,2023-02-25 14:38:00.672,4,43,6,31,60,1,Green,5,0,8,SensiCare PI,Polyisoprene,Glove,Middle,R,3.05,3,40,20230225_143801.jpg,,
351,2023-02-25 14:38:05.856,4,44,6,31,60,1,Green,5,0,8,SensiCare PI,Polyisoprene,Glove,Middle,R,3.05,4,60,20230225_143806.jpg,,
352,2023-02-25 14:38:11.904,4,45,6,31,60,1,Green,5,0,8,SensiCare PI,Polyisoprene,Glove,Middle,R,3.05,5,80,20230225_143812.jpg,,
353,2023-02-25 14:38:19.680,4,46,6,31,60,1,Green,5,0,8,SensiCare PI,Polyisoprene,Glove,Middle,R,3.05,6,120,20230225_143820.jpg,,
354,2023-02-25 14:38:25.728,4,47,6,31,60,1,Green,5,0,8,SensiCare PI,Polyisoprene,Glove,Middle,R,3.05,7,160,20230225_143826.jpg,,
355,2023-02-25 14:38:36.960,4,48,6,31,60,1,Green,5,0,8,SensiCare PI,Polyisoprene,Glove,Middle,R,3.05,8,200,20230225_143837.jpg,,
356,2023-02-25 14:46:26.112,4,49,7,32,61,1,Green,5,0,8,Protexis PI,Polyisoprene,Glove,Middle,R,4.2,1,0,20230225_144626.jpg,,"Expired 2022-08. Subjectively, even can open it a lot more. Had to close the speculum to put the BP cuff on."
357,2023-02-25 14:47:11.904,4,50,7,32,61,1,Green,5,0,8,Protexis PI,Polyisoprene,Glove,Middle,R,4.2,2,20,20230225_144712.jpg,,
358,2023-02-25 14:47:17.952,4,51,7,32,61,1,Green,5,0,8,Protexis PI,Polyisoprene,Glove,Middle,R,4.2,3,40,20230225_144718.jpg,,
359,2023-02-25 14:47:23.136,4,52,7,32,61,1,Green,5,0,8,Protexis PI,Polyisoprene,Glove,Middle,R,4.2,4,60,20230225_144723.jpg,,
360,2023-02-25 14:47:26.592,4,53,7,32,61,1,Green,5,0,8,Protexis PI,Polyisoprene,Glove,Middle,R,4.2,5,80,20230225_144727.jpg,,
361,2023-02-25 14:47:31.776,4,54,7,32,61,1,Green,5,0,8,Protexis PI,Polyisoprene,Glove,Middle,R,4.2,6,120,20230225_144732.jpg,,
362,2023-02-25 14:47:36.960,4,55,7,32,61,1,Green,5,0,8,Protexis PI,Polyisoprene,Glove,Middle,R,4.2,7,160,20230225_144737.jpg,,
363,2023-02-25 14:47:41.280,4,56,7,32,61,1,Green,5,0,8,Protexis PI,Polyisoprene,Glove,Middle,R,4.2,8,200,20230225_144741.jpg,,
364,2023-02-25 14:51:25.056,4,57,8,33,62,1,Green,5,0,8,Protegrity Micro SMT,"Latex, nitrile coating",Glove,Middle,R,4.05,1,0,20230225_145125.jpg,,
365,2023-02-25 14:51:37.152,4,58,8,33,62,1,Green,5,0,8,Protegrity Micro SMT,"Latex, nitrile coating",Glove,Middle,R,4.05,2,20,20230225_145137.jpg,,
366,2023-02-25 14:51:43.200,4,59,8,33,62,1,Green,5,0,8,Protegrity Micro SMT,"Latex, nitrile coating",Glove,Middle,R,4.05,3,40,20230225_145143.jpg,,
367,2023-02-25 14:51:46.656,4,60,8,33,62,1,Green,5,0,8,Protegrity Micro SMT,"Latex, nitrile coating",Glove,Middle,R,4.05,4,60,20230225_145147.jpg,,
368,2023-02-25 14:51:50.112,4,61,8,33,62,1,Green,5,0,8,Protegrity Micro SMT,"Latex, nitrile coating",Glove,Middle,R,4.05,5,80,20230225_145150.jpg,,
369,2023-02-25 14:51:56.160,4,62,8,33,62,1,Green,5,0,8,Protegrity Micro SMT,"Latex, nitrile coating",Glove,Middle,R,4.05,6,120,20230225_145156.jpg,,
370,2023-02-25 14:51:59.616,4,63,8,33,62,1,Green,5,0,8,Protegrity Micro SMT,"Latex, nitrile coating",Glove,Middle,R,4.05,7,160,20230225_145200.jpg,,
371,2023-02-25 14:52:05.664,4,64,8,33,62,1,Green,5,0,8,Protegrity Micro SMT,"Latex, nitrile coating",Glove,Middle,R,4.05,8,200,20230225_145206.jpg,,
372,2023-02-25 14:57:07.200,4,65,9,34,63,1,Green,5,0,8-8.5,MEDLINE,Nitrile,Glove,Middle,R,2.4,1,0,20230225_145707.jpg,,Eve: Very difficult to open it to 5
373,2023-02-25 14:57:14.976,4,66,9,34,63,1,Green,5,0,8-8.5,MEDLINE,Nitrile,Glove,Middle,R,2.4,2,20,20230225_145715.jpg,,
374,2023-02-25 14:57:21.024,4,67,9,34,63,1,Green,5,0,8-8.5,MEDLINE,Nitrile,Glove,Middle,R,2.4,3,40,20230225_145721.jpg,,
375,2023-02-25 14:57:26.208,4,68,9,34,63,1,Green,5,0,8-8.5,MEDLINE,Nitrile,Glove,Middle,R,2.4,4,60,20230225_145726.jpg,,
376,2023-02-25 14:57:33.120,4,69,9,34,63,1,Green,5,0,8-8.5,MEDLINE,Nitrile,Glove,Middle,R,2.4,5,80,20230225_145733.jpg,,
377,2023-02-25 14:57:38.304,4,70,9,34,63,1,Green,5,0,8-8.5,MEDLINE,Nitrile,Glove,Middle,R,2.4,6,120,20230225_145738.jpg,,
378,2023-02-25 14:57:44.352,4,71,9,34,63,1,Green,5,0,8-8.5,MEDLINE,Nitrile,Glove,Middle,R,2.4,7,160,20230225_145744.jpg,,
379,2023-02-25 14:57:48.672,4,72,9,34,63,1,Green,5,0,8-8.5,MEDLINE,Nitrile,Glove,Middle,R,2.4,8,200,20230225_145749.jpg,,
380,2023-02-25 15:18:39.744,4,73,10,26,64,2,Green,5,0,M,STRONG-Blue,Nitrile,Glove,Middle,A,2.4,1,0,20230225_151840.jpg,,
381,2023-02-25 15:19:14.304,4,74,10,26,64,2,Green,5,0,M,STRONG-Blue,Nitrile,Glove,Middle,A,2.4,2,20,20230225_151914.jpg,,
382,2023-02-25 15:19:26.400,4,75,10,26,64,2,Green,5,0,M,STRONG-Blue,Nitrile,Glove,Middle,A,2.4,3,40,20230225_151926.jpg,,
383,2023-02-25 15:19:30.720,4,76,10,26,64,2,Green,5,0,M,STRONG-Blue,Nitrile,Glove,Middle,A,2.4,4,60,20230225_151931.jpg,,
384,2023-02-25 15:19:49.728,4,77,10,26,64,2,Green,5,0,M,STRONG-Blue,Nitrile,Glove,Middle,A,2.4,5,80,20230225_151950.jpg,,
385,2023-02-25 15:19:56.640,4,78,10,26,64,2,Green,5,0,M,STRONG-Blue,Nitrile,Glove,Middle,A,2.4,6,120,20230225_151957.jpg,,
386,2023-02-25 15:20:05.280,4,79,10,26,64,2,Green,5,0,M,STRONG-Blue,Nitrile,Glove,Middle,A,2.4,7,160,20230225_152005.jpg,,
387,2023-02-25 15:20:13.920,4,80,10,26,64,2,Green,5,0,M,STRONG-Blue,Nitrile,Glove,Middle,A,2.4,8,200,20230225_152014.jpg,,
388,2023-02-25 15:29:45.888,4,81,11,27,65,2,Green,5,0,L,STRONG-Blue,Nitrile,Glove,Middle,A,2.25,1,0,20230225_152946.jpg,,New speculum d/t click break
389,2023-02-25 15:29:53.664,4,82,11,27,65,2,Green,5,0,L,STRONG-Blue,Nitrile,Glove,Middle,A,2.25,2,20,20230225_152954.jpg,,
390,2023-02-25 15:29:59.712,4,83,11,27,65,2,Green,5,0,L,STRONG-Blue,Nitrile,Glove,Middle,A,2.25,3,40,20230225_153000.jpg,,
391,2023-02-25 15:30:04.896,4,84,11,27,65,2,Green,5,0,L,STRONG-Blue,Nitrile,Glove,Middle,A,2.25,4,60,20230225_153005.jpg,,
392,2023-02-25 15:30:09.216,4,85,11,27,65,2,Green,5,0,L,STRONG-Blue,Nitrile,Glove,Middle,A,2.25,5,80,20230225_153009.jpg,,
393,2023-02-25 15:30:14.400,4,86,11,27,65,2,Green,5,0,L,STRONG-Blue,Nitrile,Glove,Middle,A,2.25,6,120,20230225_153014.jpg,,
394,2023-02-25 15:30:19.584,4,87,11,27,65,2,Green,5,0,L,STRONG-Blue,Nitrile,Glove,Middle,A,2.25,7,160,20230225_153020.jpg,,
395,2023-02-25 15:30:34.272,4,88,11,27,65,2,Green,5,0,L,STRONG-Blue,Nitrile,Glove,Middle,A,2.25,8,200,20230225_153034.jpg,,
396,2023-02-25 15:38:14.784,4,89,12,28,66,2,Green,5,0,7,SensiCare PI,Polyisoprene,Glove,Middle,L,2.85,1,0,20230225_153815.jpg,,
397,2023-02-25 15:38:21.696,4,90,12,28,66,2,Green,5,0,7,SensiCare PI,Polyisoprene,Glove,Middle,L,2.85,2,20,20230225_153822.jpg,,
398,2023-02-25 15:38:32.928,4,91,12,28,66,2,Green,5,0,7,SensiCare PI,Polyisoprene,Glove,Middle,L,2.85,3,40,20230225_153833.jpg,,
399,2023-02-25 15:38:38.976,4,92,12,28,66,2,Green,5,0,7,SensiCare PI,Polyisoprene,Glove,Middle,L,2.85,4,60,20230225_153839.jpg,,
400,2023-02-25 15:38:44.160,4,93,12,28,66,2,Green,5,0,7,SensiCare PI,Polyisoprene,Glove,Middle,L,2.85,5,80,20230225_153844.jpg,,
401,2023-02-25 15:38:50.208,4,94,12,28,66,2,Green,5,0,7,SensiCare PI,Polyisoprene,Glove,Middle,L,2.85,6,120,20230225_153850.jpg,,
402,2023-02-25 15:38:55.392,4,95,12,28,66,2,Green,5,0,7,SensiCare PI,Polyisoprene,Glove,Middle,L,2.85,7,160,20230225_153855.jpg,,
403,2023-02-25 15:39:00.576,4,96,12,28,66,2,Green,5,0,7,SensiCare PI,Polyisoprene,Glove,Middle,L,2.85,8,200,20230225_153901.jpg,,
404,2023-02-25 15:41:55.968,4,97,13,29,67,2,Green,5,0,7,Protexis,Latex,Glove,Middle,L,2.65,1,0,20230225_154156.jpg,,"New speculum d/t click break. Glove ripped, but was still okay"
405,2023-02-25 15:42:07.200,4,98,13,29,67,2,Green,5,0,7,Protexis,Latex,Glove,Middle,L,2.65,2,20,20230225_154207.jpg,,
406,2023-02-25 15:42:12.384,4,99,13,29,67,2,Green,5,0,7,Protexis,Latex,Glove,Middle,L,2.65,3,40,20230225_154212.jpg,,
407,2023-02-25 15:42:15.840,4,100,13,29,67,2,Green,5,0,7,Protexis,Latex,Glove,Middle,L,2.65,4,60,20230225_154216.jpg,,
408,2023-02-25 15:42:20.160,4,101,13,29,67,2,Green,5,0,7,Protexis,Latex,Glove,Middle,L,2.65,5,80,20230225_154220.jpg,,
409,2023-02-25 15:42:25.344,4,102,13,29,67,2,Green,5,0,7,Protexis,Latex,Glove,Middle,L,2.65,6,120,20230225_154225.jpg,,
410,2023-02-25 15:42:28.800,4,103,13,29,67,2,Green,5,0,7,Protexis,Latex,Glove,Middle,L,2.65,7,160,20230225_154229.jpg,,
411,2023-02-25 15:42:36.576,4,104,13,29,67,2,Green,5,0,7,Protexis,Latex,Glove,Middle,L,2.65,8,200,20230225_154237.jpg,,
412,,4,105,14,30,68,2,Green,5,0,7,Protexis PI Blue,"Polyisoprene, emollient coating",Glove,Middle,L,3.15,1,FAIL,None,,
413,2023-02-25 15:50:31.776,4,106,15,30,68,2,Green,5,0,7,Protexis PI Blue,"Polyisoprene, emollient coating",Glove,Middle,L,3.4,2,0,20230225_155032.jpg,,
414,2023-02-25 15:50:38.688,4,107,15,30,68,2,Green,5,0,7,Protexis PI Blue,"Polyisoprene, emollient coating",Glove,Middle,L,3.4,3,20,20230225_155039.jpg,,
415,2023-02-25 15:50:43.008,4,108,15,30,68,2,Green,5,0,7,Protexis PI Blue,"Polyisoprene, emollient coating",Glove,Middle,L,3.4,4,40,20230225_155043.jpg,,
416,2023-02-25 15:50:45.600,4,109,15,30,68,2,Green,5,0,7,Protexis PI Blue,"Polyisoprene, emollient coating",Glove,Middle,L,3.4,5,60,20230225_155046.jpg,,
417,2023-02-25 15:50:49.920,4,110,15,30,68,2,Green,5,0,7,Protexis PI Blue,"Polyisoprene, emollient coating",Glove,Middle,L,3.4,6,80,20230225_155050.jpg,,
418,2023-02-25 15:50:55.104,4,111,15,30,68,2,Green,5,0,7,Protexis PI Blue,"Polyisoprene, emollient coating",Glove,Middle,L,3.4,7,120,20230225_155055.jpg,,
419,2023-02-25 15:51:00.288,4,112,15,30,68,2,Green,5,0,7,Protexis PI Blue,"Polyisoprene, emollient coating",Glove,Middle,L,3.4,8,160,20230225_155100.jpg,,
420,2023-02-25 15:51:09.792,4,113,15,30,68,2,Green,5,0,7,Protexis PI Blue,"Polyisoprene, emollient coating",Glove,Middle,L,3.4,9,200,20230225_155110.jpg,,
421,2023-02-25 15:54:21.600,4,114,16,31,69,2,Green,5,0,8,SensiCare PI,Polyisoprene,Glove,Middle,L,2.85,1,0,20230225_155422.jpg,,
422,2023-02-25 15:54:29.376,4,115,16,31,69,2,Green,5,0,8,SensiCare PI,Polyisoprene,Glove,Middle,L,2.85,2,20,20230225_155429.jpg,,
423,2023-02-25 15:54:33.696,4,116,16,31,69,2,Green,5,0,8,SensiCare PI,Polyisoprene,Glove,Middle,L,2.85,3,40,20230225_155434.jpg,,
424,2023-02-25 15:54:38.880,4,117,16,31,69,2,Green,5,0,8,SensiCare PI,Polyisoprene,Glove,Middle,L,2.85,4,60,20230225_155439.jpg,,
425,2023-02-25 15:54:42.336,4,118,16,31,69,2,Green,5,0,8,SensiCare PI,Polyisoprene,Glove,Middle,L,2.85,5,80,20230225_155442.jpg,,
426,2023-02-25 15:54:48.384,4,119,16,31,69,2,Green,5,0,8,SensiCare PI,Polyisoprene,Glove,Middle,L,2.85,6,120,20230225_155448.jpg,,
427,2023-02-25 15:54:51.840,4,120,16,31,69,2,Green,5,0,8,SensiCare PI,Polyisoprene,Glove,Middle,L,2.85,7,160,20230225_155452.jpg,,
428,2023-02-25 15:54:58.752,4,121,16,31,69,2,Green,5,0,8,SensiCare PI,Polyisoprene,Glove,Middle,L,2.85,8,200,20230225_155459.jpg,,
429,2023-02-25 15:58:33.024,4,122,17,32,70,2,Green,5,0,8,Protexis PI,Polyisoprene,Glove,Middle,L,3.2,1,0,20230225_155833.jpg,,
430,2023-02-25 15:58:40.800,4,123,17,32,70,2,Green,5,0,8,Protexis PI,Polyisoprene,Glove,Middle,L,3.2,2,20,20230225_155841.jpg,,
431,2023-02-25 15:58:45.120,4,124,17,32,70,2,Green,5,0,8,Protexis PI,Polyisoprene,Glove,Middle,L,3.2,3,40,20230225_155845.jpg,,
432,2023-02-25 15:58:50.304,4,125,17,32,70,2,Green,5,0,8,Protexis PI,Polyisoprene,Glove,Middle,L,3.2,4,60,20230225_155850.jpg,,
433,2023-02-25 15:58:52.896,4,126,17,32,70,2,Green,5,0,8,Protexis PI,Polyisoprene,Glove,Middle,L,3.2,5,80,20230225_155853.jpg,,Protexis PI is the easiest to apply (slide in) and the least amount of resistance getting to 5.
434,2023-02-25 15:58:57.216,4,127,17,32,70,2,Green,5,0,8,Protexis PI,Polyisoprene,Glove,Middle,L,3.2,6,120,20230225_155857.jpg,,
435,2023-02-25 15:59:03.264,4,128,17,32,70,2,Green,5,0,8,Protexis PI,Polyisoprene,Glove,Middle,L,3.2,7,160,20230225_155903.jpg,,
436,2023-02-25 15:59:07.584,4,129,17,32,70,2,Green,5,0,8,Protexis PI,Polyisoprene,Glove,Middle,L,3.2,8,200,20230225_155908.jpg,,
437,2023-02-25 16:50:08.736,4,130,18,33,71,2,Green,5,0,8,Protegrity Micro SMT,"Latex, nitrile coating",Glove,Middle,L,3.6,1,0,20230225_165009.jpg,,
438,2023-02-25 16:50:15.648,4,131,18,33,71,2,Green,5,0,8,Protegrity Micro SMT,"Latex, nitrile coating",Glove,Middle,L,3.6,2,20,20230225_165016.jpg,,
439,2023-02-25 16:50:19.968,4,132,18,33,71,2,Green,5,0,8,Protegrity Micro SMT,"Latex, nitrile coating",Glove,Middle,L,3.6,3,40,20230225_165020.jpg,,
440,2023-02-25 16:50:24.288,4,133,18,33,71,2,Green,5,0,8,Protegrity Micro SMT,"Latex, nitrile coating",Glove,Middle,L,3.6,4,60,20230225_165024.jpg,,
441,2023-02-25 16:50:28.608,4,134,18,33,71,2,Green,5,0,8,Protegrity Micro SMT,"Latex, nitrile coating",Glove,Middle,L,3.6,5,80,20230225_165029.jpg,,
442,2023-02-25 16:50:33.792,4,135,18,33,71,2,Green,5,0,8,Protegrity Micro SMT,"Latex, nitrile coating",Glove,Middle,L,3.6,6,120,20230225_165034.jpg,,
443,2023-02-25 16:50:39.840,4,136,18,33,71,2,Green,5,0,8,Protegrity Micro SMT,"Latex, nitrile coating",Glove,Middle,L,3.6,7,160,20230225_165040.jpg,,
444,2023-02-25 16:50:46.752,4,137,18,33,71,2,Green,5,0,8,Protegrity Micro SMT,"Latex, nitrile coating",Glove,Middle,L,3.6,8,200,20230225_165047.jpg,,
445,2023-02-25 00:00:00.000,4,137,19,34,72,2,Green,5,0,8-8.5,MEDLINE,Nitrile,Glove,Middle,L,,1,FAIL,None,,"Speculum broke while measuring height. Put new speculum, and it broke just before starting the trial"
446,2023-02-25 00:00:00.000,4,138,20,34,73,3,Green,5,0,8-8.5,MEDLINE,Nitrile,Glove,Middle,L,1.9,1,FAIL,None,,"Speculum broke while measuring height. Put new speculum, and it broke just before starting the trial"
447,2023-02-25 17:04:45.696,4,139,21,26,74,3,Green,5,0,M,STRONG-Blue,Nitrile,Glove,Middle,A,2.2,1,0,20230225_170446.jpg,,
448,2023-02-25 17:04:57.792,4,140,21,26,74,3,Green,5,0,M,STRONG-Blue,Nitrile,Glove,Middle,A,2.2,2,20,20230225_170458.jpg,,
449,2023-02-25 17:05:02.976,4,141,21,26,74,3,Green,5,0,M,STRONG-Blue,Nitrile,Glove,Middle,A,2.2,3,40,20230225_170503.jpg,,
450,2023-02-25 17:05:08.160,4,142,21,26,74,3,Green,5,0,M,STRONG-Blue,Nitrile,Glove,Middle,A,2.2,4,60,20230225_170508.jpg,,
451,2023-02-25 17:05:14.208,4,143,21,26,74,3,Green,5,0,M,STRONG-Blue,Nitrile,Glove,Middle,A,2.2,5,80,20230225_170514.jpg,,
452,2023-02-25 17:05:20.256,4,144,21,26,74,3,Green,5,0,M,STRONG-Blue,Nitrile,Glove,Middle,A,2.2,6,120,20230225_170520.jpg,,
453,2023-02-25 17:05:26.304,4,145,21,26,74,3,Green,5,0,M,STRONG-Blue,Nitrile,Glove,Middle,A,2.2,7,160,20230225_170526.jpg,,
454,2023-02-25 17:05:32.352,4,146,21,26,74,3,Green,5,0,M,STRONG-Blue,Nitrile,Glove,Middle,A,2.2,8,200,20230225_170532.jpg,,
455,2023-02-25 17:08:26.880,4,147,22,27,75,3,Green,5,0,L,STRONG-Blue,Nitrile,Glove,Middle,A,2.05,1,0,20230225_170827.jpg,,
456,2023-02-25 17:08:34.656,4,148,22,27,75,3,Green,5,0,L,STRONG-Blue,Nitrile,Glove,Middle,A,2.05,2,20,20230225_170835.jpg,,
457,2023-02-25 17:08:40.704,4,149,22,27,75,3,Green,5,0,L,STRONG-Blue,Nitrile,Glove,Middle,A,2.05,3,40,20230225_170841.jpg,,
458,2023-02-25 17:08:45.024,4,150,22,27,75,3,Green,5,0,L,STRONG-Blue,Nitrile,Glove,Middle,A,2.05,4,60,20230225_170845.jpg,,
459,2023-02-25 17:08:47.616,4,151,22,27,75,3,Green,5,0,L,STRONG-Blue,Nitrile,Glove,Middle,A,2.05,5,80,20230225_170848.jpg,,
460,2023-02-25 17:08:52.800,4,152,22,27,75,3,Green,5,0,L,STRONG-Blue,Nitrile,Glove,Middle,A,2.05,6,120,20230225_170853.jpg,,
461,2023-02-25 17:08:57.120,4,153,22,27,75,3,Green,5,0,L,STRONG-Blue,Nitrile,Glove,Middle,A,2.05,7,160,20230225_170857.jpg,,
462,2023-02-25 17:09:02.304,4,154,22,27,75,3,Green,5,0,L,STRONG-Blue,Nitrile,Glove,Middle,A,2.05,8,200,20230225_170902.jpg,,
463,2023-02-25 17:12:22.752,4,155,23,28,76,3,Green,5,0,7,SensiCare PI,Polyisoprene,Glove,Middle,R,2.6,1,0,20230225_171223.jpg,,
464,2023-02-25 17:12:31.392,4,156,23,28,76,3,Green,5,0,7,SensiCare PI,Polyisoprene,Glove,Middle,R,2.6,2,20,20230225_171231.jpg,,
465,2023-02-25 17:12:39.168,4,157,23,28,76,3,Green,5,0,7,SensiCare PI,Polyisoprene,Glove,Middle,R,2.6,3,40,20230225_171239.jpg,,
466,2023-02-25 17:12:44.352,4,158,23,28,76,3,Green,5,0,7,SensiCare PI,Polyisoprene,Glove,Middle,R,2.6,4,60,20230225_171244.jpg,,
467,2023-02-25 17:12:48.672,4,159,23,28,76,3,Green,5,0,7,SensiCare PI,Polyisoprene,Glove,Middle,R,2.6,5,80,20230225_171249.jpg,,
468,2023-02-25 17:12:52.992,4,160,23,28,76,3,Green,5,0,7,SensiCare PI,Polyisoprene,Glove,Middle,R,2.6,6,120,20230225_171253.jpg,,
469,2023-02-25 17:12:57.312,4,161,23,28,76,3,Green,5,0,7,SensiCare PI,Polyisoprene,Glove,Middle,R,2.6,7,160,20230225_171257.jpg,,
470,2023-02-25 17:13:09.408,4,162,23,28,76,3,Green,5,0,7,SensiCare PI,Polyisoprene,Glove,Middle,R,2.6,8,200,20230225_171309.jpg,,
471,2023-02-25 17:19:20.064,4,162,24,29,77,3,Green,5,0,7,Protexis,Latex,Glove,Middle,R,2.5,1,0,20230225_171920.jpg,,
472,2023-02-25 17:19:32.160,4,163,24,29,77,3,Green,5,0,7,Protexis,Latex,Glove,Middle,R,2.5,2,20,20230225_171932.jpg,,
473,2023-02-25 17:19:38.208,4,164,24,29,77,3,Green,5,0,7,Protexis,Latex,Glove,Middle,R,2.5,3,40,20230225_171938.jpg,,
474,2023-02-25 17:19:43.392,4,165,24,29,77,3,Green,5,0,7,Protexis,Latex,Glove,Middle,R,2.5,4,60,20230225_171943.jpg,,
475,2023-02-25 17:19:47.712,4,166,24,29,77,3,Green,5,0,7,Protexis,Latex,Glove,Middle,R,2.5,5,80,20230225_171948.jpg,,
476,2023-02-25 17:19:52.032,4,167,24,29,77,3,Green,5,0,7,Protexis,Latex,Glove,Middle,R,2.5,6,120,20230225_171952.jpg,,
477,2023-02-25 17:19:58.080,4,168,24,29,77,3,Green,5,0,7,Protexis,Latex,Glove,Middle,R,2.5,7,160,20230225_171958.jpg,,
478,2023-02-25 17:20:03.264,4,169,24,29,77,3,Green,5,0,7,Protexis,Latex,Glove,Middle,R,2.5,8,200,20230225_172003.jpg,,
479,2023-02-25 17:23:39.264,4,170,25,30,78,3,Green,5,0,7,Protexis PI Blue,"Polyisoprene, emollient coating",Glove,Middle,R,3.15,1,0,20230225_172339.jpg,,
480,2023-02-25 17:23:47.904,4,171,25,30,78,3,Green,5,0,7,Protexis PI Blue,"Polyisoprene, emollient coating",Glove,Middle,R,3.15,2,20,20230225_172348.jpg,,
481,2023-02-25 17:23:52.224,4,172,25,30,78,3,Green,5,0,7,Protexis PI Blue,"Polyisoprene, emollient coating",Glove,Middle,R,3.15,3,40,20230225_172352.jpg,,
482,2023-02-25 17:23:55.680,4,173,25,30,78,3,Green,5,0,7,Protexis PI Blue,"Polyisoprene, emollient coating",Glove,Middle,R,3.15,4,60,20230225_172356.jpg,,
483,2023-02-25 17:24:00.000,4,174,25,30,78,3,Green,5,0,7,Protexis PI Blue,"Polyisoprene, emollient coating",Glove,Middle,R,3.15,5,80,20230225_172400.jpg,,
484,2023-02-25 17:24:05.184,4,175,25,30,78,3,Green,5,0,7,Protexis PI Blue,"Polyisoprene, emollient coating",Glove,Middle,R,3.15,6,120,20230225_172405.jpg,,
485,2023-02-25 17:24:11.232,4,176,25,30,78,3,Green,5,0,7,Protexis PI Blue,"Polyisoprene, emollient coating",Glove,Middle,R,3.15,7,160,20230225_172411.jpg,,
486,2023-02-25 17:24:16.416,4,177,25,30,78,3,Green,5,0,7,Protexis PI Blue,"Polyisoprene, emollient coating",Glove,Middle,R,3.15,8,200,20230225_172416.jpg,,
487,2023-02-25 17:29:19.680,4,178,26,31,79,3,Green,5,0,8,SensiCare PI,Polyisoprene,Glove,Middle,R,3.0,1,0,20230225_172920.jpg,,
488,2023-02-25 17:29:26.592,4,179,26,31,79,3,Green,5,0,8,SensiCare PI,Polyisoprene,Glove,Middle,R,3.0,2,20,20230225_172927.jpg,,
489,2023-02-25 17:29:30.912,4,180,26,31,79,3,Green,5,0,8,SensiCare PI,Polyisoprene,Glove,Middle,R,3.0,3,40,20230225_172931.jpg,,
490,2023-02-25 17:29:34.368,4,181,26,31,79,3,Green,5,0,8,SensiCare PI,Polyisoprene,Glove,Middle,R,3.0,4,60,20230225_172934.jpg,,
491,2023-02-25 17:29:36.960,4,182,26,31,79,3,Green,5,0,8,SensiCare PI,Polyisoprene,Glove,Middle,R,3.0,5,80,20230225_172937.jpg,,
492,2023-02-25 17:29:41.280,4,183,26,31,79,3,Green,5,0,8,SensiCare PI,Polyisoprene,Glove,Middle,R,3.0,6,120,20230225_172941.jpg,,
493,2023-02-25 17:29:44.736,4,184,26,31,79,3,Green,5,0,8,SensiCare PI,Polyisoprene,Glove,Middle,R,3.0,7,160,20230225_172945.jpg,,
494,2023-02-25 17:29:49.056,4,185,26,31,79,3,Green,5,0,8,SensiCare PI,Polyisoprene,Glove,Middle,R,3.0,8,200,20230225_172949.jpg,,
495,2023-02-25 17:32:21.120,4,186,27,32,80,3,Green,5,0,8,Protexis PI,Polyisoprene,Glove,Middle,R,3.55,1,0,20230225_173221.jpg,,
496,2023-02-25 17:32:29.760,4,187,27,32,80,3,Green,5,0,8,Protexis PI,Polyisoprene,Glove,Middle,R,3.55,2,20,20230225_173230.jpg,,
497,2023-02-25 17:32:34.944,4,188,27,32,80,3,Green,5,0,8,Protexis PI,Polyisoprene,Glove,Middle,R,3.55,3,40,20230225_173235.jpg,,
498,2023-02-25 17:32:39.264,4,189,27,32,80,3,Green,5,0,8,Protexis PI,Polyisoprene,Glove,Middle,R,3.55,4,60,20230225_173239.jpg,,
499,2023-02-25 17:32:42.720,4,190,27,32,80,3,Green,5,0,8,Protexis PI,Polyisoprene,Glove,Middle,R,3.55,5,80,20230225_173243.jpg,,
500,2023-02-25 17:32:48.768,4,191,27,32,80,3,Green,5,0,8,Protexis PI,Polyisoprene,Glove,Middle,R,3.55,6,120,20230225_173249.jpg,,
501,2023-02-25 17:32:53.088,4,192,27,32,80,3,Green,5,0,8,Protexis PI,Polyisoprene,Glove,Middle,R,3.55,7,160,20230225_173253.jpg,,
502,2023-02-25 17:32:58.272,4,193,27,32,80,3,Green,5,0,8,Protexis PI,Polyisoprene,Glove,Middle,R,3.55,8,200,20230225_173258.jpg,,
503,2023-02-25 17:36:04.896,4,194,28,33,81,3,Green,5,0,8,Protegrity Micro SMT,"Latex, nitrile coating",Glove,Middle,R,3.9,1,0,20230225_173605.jpg,,
504,2023-02-25 17:36:10.080,4,195,28,33,81,3,Green,5,0,8,Protegrity Micro SMT,"Latex, nitrile coating",Glove,Middle,R,3.9,2,20,20230225_173610.jpg,,
505,2023-02-25 17:36:12.672,4,196,28,33,81,3,Green,5,0,8,Protegrity Micro SMT,"Latex, nitrile coating",Glove,Middle,R,3.9,3,40,20230225_173613.jpg,,
506,2023-02-25 17:36:16.992,4,197,28,33,81,3,Green,5,0,8,Protegrity Micro SMT,"Latex, nitrile coating",Glove,Middle,R,3.9,4,60,20230225_173617.jpg,,
507,2023-02-25 17:36:18.720,4,198,28,33,81,3,Green,5,0,8,Protegrity Micro SMT,"Latex, nitrile coating",Glove,Middle,R,3.9,5,80,20230225_173619.jpg,,
508,2023-02-25 17:36:23.040,4,199,28,33,81,3,Green,5,0,8,Protegrity Micro SMT,"Latex, nitrile coating",Glove,Middle,R,3.9,6,120,20230225_173623.jpg,,
509,2023-02-25 17:36:27.360,4,200,28,33,81,3,Green,5,0,8,Protegrity Micro SMT,"Latex, nitrile coating",Glove,Middle,R,3.9,7,160,20230225_173627.jpg,,
510,2023-02-25 17:36:29.952,4,201,28,33,81,3,Green,5,0,8,Protegrity Micro SMT,"Latex, nitrile coating",Glove,Middle,R,3.9,8,200,20230225_173630.jpg,,
511,2023-02-25 00:00:00.000,4,202,29,34,82,3,Green,5,0,8-8.5,MEDLINE,Nitrile,Glove,Middle,R,,1,FAIL,None,,"Broke speculum as soon as got to 5. Tried again, broke again."
512,2023-02-25 00:00:00.000,4,203,30,34,82,3,Green,5,0,8-8.5,MEDLINE,Nitrile,Glove,Middle,R,,1,FAIL,None,,
