,Day Ct,Day Num,Set Ct,Trial Ct,Set Trial Ct,Speculum Type,Spec Ang,Spec Ht,Size,Brand,Material,Material Type,Method,Opening Height,Trial Num,mmHg,Filename,Used,Notes,url,Label ID,wd,ht,wd_start,ht_start,wd_rel,ht_rel
0,1,1,1,1,1,White,5,0,M,STRONG-Black,Nitrile,Glove,Middle,2.7,1,0,20220423_142023.jpg,y,,https://storage.labelbox.com/cl2ceiao35hbj0zahefxyfyll%2F693dcac4-051b-2abf-6010-9d6658109d60-20220423_142023.jpg?Expires=1662175964325&KeyName=labelbox-assets-key-3&Signature=rB2EDYbZKtm-zylSAXz8t3w_ZLU,cl2cez4xr5ki20zagcvnuf7sk,257.0,261.0,585.0,2470.0,0.0,0.0
1,1,2,1,1,1,White,5,0,M,STRONG-Black,Nitrile,Glove,Middle,2.7,2,40,20220423_142031.jpg,y,,https://storage.labelbox.com/cl2ceiao35hbj0zahefxyfyll%2F8ee2e0aa-418b-83b4-7751-872f756ef0d8-20220423_142031.jpg?Expires=1662175964326&KeyName=labelbox-assets-key-3&Signature=obaISsxdbW2OeeLnHbYNCWwHVpQ,cl2cf020i5j8u0zdfhye4ehjg,190.0,287.0,614.0,2470.0,0.2607003891050583,-0.09961685823754785
2,1,3,1,1,1,White,5,0,M,STRONG-Black,Nitrile,Glove,Middle,2.7,3,80,20220423_142049.jpg,y,,https://storage.labelbox.com/cl2ceiao35hbj0zahefxyfyll%2Fdea7e873-6eae-0208-0540-a8f8f9c187cc-20220423_142049.jpg?Expires=1662175964326&KeyName=labelbox-assets-key-3&Signature=fxMJxumJn9ilMMRSi9Tu-hNu1_Y,cl2cf0jjk5jak0zdf8j436nbt,120.0,252.0,655.0,2464.0,0.5330739299610895,0.03448275862068961
3,1,4,1,1,1,White,5,0,M,STRONG-Black,Nitrile,Glove,Middle,2.7,4,120,20220423_142054.jpg,y,,https://storage.labelbox.com/cl2ceiao35hbj0zahefxyfyll%2F943cab09-0c2c-1220-e6f0-d5134abc698f-20220423_142054.jpg?Expires=1662175964326&KeyName=labelbox-assets-key-3&Signature=5B_nvuZk8JRsUK0rsnZssc75kcQ,cl2cf0z834fgl0zbx37jcdzhz,90.0,250.0,670.0,2463.0,0.6498054474708171,0.04214559386973182
4,1,5,1,1,1,White,5,0,M,STRONG-Black,Nitrile,Glove,Middle,2.7,5,160,20220423_142100.jpg,y,,https://storage.labelbox.com/cl2ceiao35hbj0zahefxyfyll%2Fa92fa255-d1a8-f14f-74bf-720424b2eec3-20220423_142100.jpg?Expires=1662175964325&KeyName=labelbox-assets-key-3&Signature=lytvtrpGajtdI1b4IlxO0UppqTk,cl2cez4r95jdf0zam6uu20850,65.0,361.0,672.0,2470.0,0.7470817120622568,-0.3831417624521072
5,1,6,1,1,1,White,5,0,M,STRONG-Black,Nitrile,Glove,Middle,2.7,6,200,20220423_142108.jpg,y,,https://storage.labelbox.com/cl2ceiao35hbj0zahefxyfyll%2F92ace430-e51d-d85c-70fc-3d616430c490-20220423_142108.jpg?Expires=1662175964326&KeyName=labelbox-assets-key-3&Signature=95M_6PA6DYwiTSbZyEP6cQ74uLw,cl2cf20t25htx0zcaayek9mqx,44.0,140.0,681.0,2468.0,0.8287937743190661,0.46360153256704983
6,1,7,1,2,2,White,5,0,M,STRONG-Black,Nitrile,Glove,Middle,3.2,1,0,20220423_143310.jpg,y,,https://storage.labelbox.com/cl2ceiao35hbj0zahefxyfyll%2F7514df0f-b16f-d5d0-6915-77662032c57f-20220423_143310.jpg?Expires=1662175964326&KeyName=labelbox-assets-key-3&Signature=Gpdpu-QVP4I072sLWJ6Zxw10XPY,cl2cf31h15je20zahducjah7x,277.0,243.0,685.0,2435.0,0.0,0.0
7,1,8,1,2,2,White,5,0,M,STRONG-Black,Nitrile,Glove,Middle,3.2,2,40,20220423_143324.jpg,y,,https://storage.labelbox.com/cl2ceiao35hbj0zahefxyfyll%2Fbdf002ed-162b-b204-ca31-16d8b19f1bb8-20220423_143324.jpg?Expires=1662175964326&KeyName=labelbox-assets-key-3&Signature=s3hDDoj1FC3_nVsJXEnKN_kfMHA,cl2cf3n8l5rr00zcchksf9e5l,210.0,221.0,729.0,2433.0,0.24187725631768953,0.09053497942386834
8,1,9,1,2,2,White,5,0,M,STRONG-Black,Nitrile,Glove,Middle,3.2,3,80,20220423_143336.jpg,y,,https://storage.labelbox.com/cl2ceiao35hbj0zahefxyfyll%2Fccfdcb1f-5ee4-34cb-bce3-dd7235989bbc-20220423_143336.jpg?Expires=1662175964326&KeyName=labelbox-assets-key-3&Signature=Pf0xIE4dq8aq-JVuPR_6KFH_HGc,cl2cf4d565jiu0zah44lj2vxp,146.0,192.0,762.0,2433.0,0.4729241877256317,0.2098765432098766
9,1,10,1,2,2,White,5,0,M,STRONG-Black,Nitrile,Glove,Middle,3.2,4,120,20220423_143346.jpg,y,,https://storage.labelbox.com/cl2ceiao35hbj0zahefxyfyll%2F8843bee5-e78e-59bd-09a0-83cb23856efc-20220423_143346.jpg?Expires=1662175964326&KeyName=labelbox-assets-key-3&Signature=_yZQMHDeAHV4etSZzu0LbEGONc8,cl2cf7hif5k5j0zamazwpd21k,116.0,236.0,774.0,2439.0,0.5812274368231047,0.028806584362139898
10,1,11,1,2,2,White,5,0,M,STRONG-Black,Nitrile,Glove,Middle,3.2,5,160,20220423_143355.jpg,y,,https://storage.labelbox.com/cl2ceiao35hbj0zahefxyfyll%2F8270c425-c0f3-7b72-baa6-a2fd71fc5753-20220423_143355.jpg?Expires=1662175964326&KeyName=labelbox-assets-key-3&Signature=HSps_1dG3WypgTErAprQC-MSxZ8,cl2cf8a6x5jvm0zah3swugpw8,84.0,145.0,792.0,2437.0,0.6967509025270758,0.4032921810699589
11,1,12,1,2,2,White,5,0,M,STRONG-Black,Nitrile,Glove,Middle,3.2,6,200,20220423_143401.jpg,y,,https://storage.labelbox.com/cl2ceiao35hbj0zahefxyfyll%2F4b622045-5700-ce69-9810-0b2571595e2a-20220423_143401.jpg?Expires=1662175964327&KeyName=labelbox-assets-key-3&Signature=tiX52UBTRy6gs1sl050o9k8-ukM,cl2cf8pne5k4x0zdf12rw9tef,67.0,121.0,796.0,2439.0,0.7581227436823105,0.5020576131687242
12,1,13,1,3,3,White,5,0,M,STRONG-Black,Nitrile,Glove,Middle,2.7,1,0,20220423_143756.jpg,y,,https://storage.labelbox.com/cl2ceiao35hbj0zahefxyfyll%2F6d1fb1b4-5386-82e4-966f-d844f324b3a9-20220423_143756.jpg?Expires=1662175964327&KeyName=labelbox-assets-key-3&Signature=xPRKeQmav54AGcc9xhkC_sN_7Q0,cl2cf9clx5imo0zcab25j5o7b,227.0,222.0,866.0,2432.0,0.0,0.0
13,1,14,1,3,3,White,5,0,M,STRONG-Black,Nitrile,Glove,Middle,2.7,2,40,20220423_143810.jpg,y,,https://storage.labelbox.com/cl2ceiao35hbj0zahefxyfyll%2Fa3127d07-4bb7-9be8-5cd7-d8c6e6ef23ab-20220423_143810.jpg?Expires=1662175964327&KeyName=labelbox-assets-key-3&Signature=jK7lwKhgRZjQbUiPfIB5FUWO2RY,cl2cfa6ut5oux10cd6lj0bpya,197.0,169.0,849.0,2460.0,0.13215859030837007,0.23873873873873874
14,1,15,1,3,3,White,5,0,M,STRONG-Black,Nitrile,Glove,Middle,2.7,3,80,20220423_143815.jpg,y,,https://storage.labelbox.com/cl2ceiao35hbj0zahefxyfyll%2F63112db6-64f3-d7c4-21a6-83e8ee92da07-20220423_143815.jpg?Expires=1662175964327&KeyName=labelbox-assets-key-3&Signature=PBzImJFVaITMQC00BhgJSpiLo_o,cl2ckyvt85zjo0zahgmls6rhu,134.0,160.0,878.0,2432.0,0.4096916299559471,0.2792792792792793
15,1,16,1,3,3,White,5,0,M,STRONG-Black,Nitrile,Glove,Middle,2.7,4,120,20220423_143824.jpg,y,,https://storage.labelbox.com/cl2ceiao35hbj0zahefxyfyll%2Fd5918f5a-1363-7347-cd34-924205589432-20220423_143824.jpg?Expires=1662175964327&KeyName=labelbox-assets-key-3&Signature=BHY0clvQaeqUtJCXvxlaG5sip10,cl2ckxsye60720zamftz14dgz,82.0,166.0,900.0,2400.0,0.6387665198237886,0.25225225225225223
16,1,17,1,3,3,White,5,0,M,STRONG-Black,Nitrile,Glove,Middle,2.7,5,160,20220423_143829.jpg,y,,https://storage.labelbox.com/cl2ceiao35hbj0zahefxyfyll%2F388a3201-70c0-2ad9-9d16-f1ae9c146436-20220423_143829.jpg?Expires=1662175964327&KeyName=labelbox-assets-key-3&Signature=9Xi4LCFOR3uNqKNNpiKfZxNszjs,cl2ckxt4v5zv40zdf3esaag11,60.0,155.0,912.0,2389.0,0.7356828193832599,0.30180180180180183
17,1,18,1,3,3,White,5,0,M,STRONG-Black,Nitrile,Glove,Middle,2.7,6,200,20220423_143834.jpg,y,,https://storage.labelbox.com/cl2ceiao35hbj0zahefxyfyll%2F2fcaf846-c9d8-38e6-7159-93152bb7565d-20220423_143834.jpg?Expires=1662175964328&KeyName=labelbox-assets-key-3&Signature=nqrevRQos-8FliA7hcmS-FYM_n8,cl2ckzghy62040zag2ouj4k7m,56.0,136.0,918.0,2386.0,0.7533039647577092,0.3873873873873874
18,1,22,5,8,1,White,3,0,M,Primacare,Vinyl,Glove,Middle,1.3,1,0,20220423_145106.jpg,y,,https://storage.labelbox.com/cl2ceiao35hbj0zahefxyfyll%2F391640d3-8c0f-4480-32ff-849ded96f892-20220423_145106.jpg?Expires=1662175964328&KeyName=labelbox-assets-key-3&Signature=ISgb-yOud-8KHhJePCNDIWxLq9k,cl2cl0lha5xzk0zca1xkp78z7,307.0,196.0,752.0,2124.0,0.0,0.0
19,1,23,5,8,1,White,3,0,M,Primacare,Vinyl,Glove,Middle,1.3,2,40,20220423_145116.jpg,y,,https://storage.labelbox.com/cl2ceiao35hbj0zahefxyfyll%2Fb1c58ce7-d168-8ec2-c90e-d11353cf558a-20220423_145116.jpg?Expires=1662175964328&KeyName=labelbox-assets-key-3&Signature=fvP-2F9PqLJJrnW_ggy_mmHCPt8,cl2cl168e5y0n0zcadt5sehm6,292.0,263.0,766.0,2044.0,0.04885993485342022,-0.34183673469387754
20,1,24,5,8,1,White,3,0,M,Primacare,Vinyl,Glove,Middle,1.3,3,80,20220423_145124.jpg,y,,https://storage.labelbox.com/cl2ceiao35hbj0zahefxyfyll%2F4336b0e1-bc99-a8ca-3bf1-46e9e5457de7-20220423_145124.jpg?Expires=1662175964328&KeyName=labelbox-assets-key-3&Signature=gF_x1qcpZMqBT0Hi_u2pfPS0ipY,cl2cl2d6w5y290zcafu4v8p5b,258.0,257.0,770.0,2076.0,0.1596091205211726,-0.31122448979591844
21,1,25,5,8,1,White,3,0,M,Primacare,Vinyl,Glove,Middle,1.3,4,120,20220423_145129.jpg,y,,https://storage.labelbox.com/cl2ceiao35hbj0zahefxyfyll%2F6aa2dbfb-261e-d19f-72b7-073484d15ac8-20220423_145129.jpg?Expires=1662175964328&KeyName=labelbox-assets-key-3&Signature=lILne9LES3JbyDO8nrN9tG-mq90,cl2cl37qi623z0zaggaj12vyh,231.0,252.0,784.0,2078.0,0.247557003257329,-0.2857142857142858
22,1,26,5,8,1,White,3,0,M,Primacare,Vinyl,Glove,Middle,1.3,5,160,20220423_145134.jpg,y,,https://storage.labelbox.com/cl2ceiao35hbj0zahefxyfyll%2F6957b74b-ea14-dfaf-fb6d-ce39108b58b2-20220423_145134.jpg?Expires=1662175964328&KeyName=labelbox-assets-key-3&Signature=7fA24NqXEpnxIvn3ID1ik2ilbfo,cl2cl3l795zph0zahfb0pa9v6,224.0,158.0,785.0,2076.0,0.2703583061889251,0.19387755102040816
23,1,27,5,8,1,White,3,0,M,Primacare,Vinyl,Glove,Middle,1.3,6,200,20220423_145142.jpg,y,,https://storage.labelbox.com/cl2ceiao35hbj0zahefxyfyll%2F0f53404f-622c-ce3a-e400-ac759f4a9aaa-20220423_145142.jpg?Expires=1662175964328&KeyName=labelbox-assets-key-3&Signature=L0tztS-NWF92cT5UA-mBu2g9DMo,cl2cl49jt60e10zam3yorfawq,226.0,154.0,790.0,2074.0,0.26384364820846906,0.2142857142857143
24,1,28,5,9,2,White,3,0,M,Primacare,Vinyl,Glove,Middle,1.05,1,0,20220423_145904.jpg,y,,https://storage.labelbox.com/cl2ceiao35hbj0zahefxyfyll%2Fc37bbf48-38d6-e827-c3e3-9ef684633479-20220423_145904.jpg?Expires=1662175964328&KeyName=labelbox-assets-key-3&Signature=bzParWbVNFeJ105E0yjQs41U-Mk,cl2cl5buj64f010cdb5cy0288,302.0,32.0,957.0,2221.0,0.0,0.0
25,1,29,5,9,2,White,3,0,M,Primacare,Vinyl,Glove,Middle,1.05,2,40,20220423_145913.jpg,y,,https://storage.labelbox.com/cl2ceiao35hbj0zahefxyfyll%2Fd5e1fb35-c8d3-2b03-ed65-f1d51c2bedc3-20220423_145913.jpg?Expires=1662175964328&KeyName=labelbox-assets-key-3&Signature=tNEdOkm_ociE6eVdPNv_DG7fJjU,cl2cl5oh268040zcc9p666sp8,296.0,32.0,968.0,2215.0,0.019867549668874163,0.0
26,1,30,5,9,2,White,3,0,M,Primacare,Vinyl,Glove,Middle,1.05,3,80,20220423_145917.jpg,y,,https://storage.labelbox.com/cl2ceiao35hbj0zahefxyfyll%2F72fbe587-c4d6-75cf-bc68-a55c6faeedac-20220423_145917.jpg?Expires=1662175964329&KeyName=labelbox-assets-key-3&Signature=sflHp1jb6URbaLkUlxVo9_RvLXI,cl2cl6luq64fp10cd5sapfsf7,281.0,41.0,986.0,2198.0,0.06953642384105962,-0.28125
27,1,31,5,9,2,White,3,0,M,Primacare,Vinyl,Glove,Middle,1.05,4,120,20220423_145920.jpg,y,,https://storage.labelbox.com/cl2ceiao35hbj0zahefxyfyll%2Fc8ca71f9-edac-3800-9f9c-39dc5371f2a3-20220423_145920.jpg?Expires=1662175964329&KeyName=labelbox-assets-key-3&Signature=J4W-ENEF_zhpi9rPOOUPnVYfJ08,cl2cl6tpt628r0zageew1e4la,255.0,38.0,989.0,2189.0,0.1556291390728477,-0.1875
28,1,32,5,9,2,White,3,0,M,Primacare,Vinyl,Glove,Middle,1.05,5,160,20220423_145924.jpg,y,,https://storage.labelbox.com/cl2ceiao35hbj0zahefxyfyll%2F612cc526-32d4-4370-67e5-52c1c3b23f5e-20220423_145924.jpg?Expires=1662175964329&KeyName=labelbox-assets-key-3&Signature=Wyq6-wRIjW134-8dVErSEQqWO4Y,cl2cl70kl5zs70zah9v4o07tq,188.0,20.0,1021.0,2195.0,0.3774834437086093,0.375
29,1,33,5,9,2,White,3,0,M,Primacare,Vinyl,Glove,Middle,1.05,6,200,20220423_145929.jpg,y,,https://storage.labelbox.com/cl2ceiao35hbj0zahefxyfyll%2F3b9910d1-9483-4472-fe6c-4208353ca81c-20220423_145929.jpg?Expires=1662175964329&KeyName=labelbox-assets-key-3&Signature=uAaRTaajB-d-sG8bPyMb_OHJMvA,cl2cl7als60ge0zamgv5mgxyu,188.0,18.0,1018.0,2180.0,0.3774834437086093,0.4375
30,1,34,5,10,3,White,3,0,M,Primacare,Vinyl,Glove,Middle,1.0,1,0,20220423_150315.jpg,y,,https://storage.labelbox.com/cl2ceiao35hbj0zahefxyfyll%2F712dfefb-ca5c-25e0-6f34-7899210e120f-20220423_150315.jpg?Expires=1662175964329&KeyName=labelbox-assets-key-3&Signature=2jMLToUw_vGshFof4zAkjn1E_OQ,cl2cl7o6r681e0zccedl1dsz2,188.0,26.0,983.0,2204.0,0.0,0.0
31,1,35,5,10,3,White,3,0,M,Primacare,Vinyl,Glove,Middle,1.0,2,40,20220423_150320.jpg,y,,https://storage.labelbox.com/cl2ceiao35hbj0zahefxyfyll%2Fb8c776d2-a984-e987-ecc9-4e3c4c158920-20220423_150320.jpg?Expires=1662175964329&KeyName=labelbox-assets-key-3&Signature=hoOw4bglGaHqetes-9pm4mBqsKs,cl2cl80d7629r0zag5ph840d0,164.0,29.0,999.0,2201.0,0.12765957446808507,-0.11538461538461542
32,1,36,5,10,3,White,3,0,M,Primacare,Vinyl,Glove,Middle,1.0,3,80,20220423_150324.jpg,y,,https://storage.labelbox.com/cl2ceiao35hbj0zahefxyfyll%2F0fcac30d-6058-7cdb-5517-f59a97321207-20220423_150324.jpg?Expires=1662175964330&KeyName=labelbox-assets-key-3&Signature=LiTK3hrr71YeHbxunvBieEddJrY,cl2cl8af560ht0zamar7l9p3j,268.0,30.0,953.0,2190.0,-0.42553191489361697,-0.15384615384615374
33,1,37,5,10,3,White,3,0,M,Primacare,Vinyl,Glove,Middle,1.0,4,120,20220423_150330.jpg,y,,https://storage.labelbox.com/cl2ceiao35hbj0zahefxyfyll%2F16145540-e2de-14c3-4452-aac713a9b136-20220423_150330.jpg?Expires=1662175964330&KeyName=labelbox-assets-key-3&Signature=caBn6DgWDokARb8-MCe0drY7w4s,cl2cl8si9681z0zcc72wze85l,258.0,26.0,941.0,2191.0,-0.37234042553191493,0.0
34,1,38,5,10,3,White,3,0,M,Primacare,Vinyl,Glove,Middle,1.0,5,160,20220423_150334.jpg,y,,https://storage.labelbox.com/cl2ceiao35hbj0zahefxyfyll%2Fadbf5484-e7a9-e57c-224e-9751236be1fe-20220423_150334.jpg?Expires=1662175964330&KeyName=labelbox-assets-key-3&Signature=E_NAXnQhrI6-LSRb96WX5vDMt2M,cl2cl9buz4wa90zbxfzgy1dcs,271.0,10.0,942.0,2197.0,-0.4414893617021276,0.6153846153846154
35,1,39,5,10,3,White,3,0,M,Primacare,Vinyl,Glove,Middle,1.0,6,200,20220423_150341.jpg,y,,https://storage.labelbox.com/cl2ceiao35hbj0zahefxyfyll%2F32a932c1-f575-a023-26dd-d73d63ec4e2b-20220423_150341.jpg?Expires=1662175964330&KeyName=labelbox-assets-key-3&Signature=PFgvshcwz2SifpL92_265fkGxNE,cl2cl9rru5zua0zah4sc27sbg,275.0,4.0,938.0,2202.0,-0.4627659574468086,0.8461538461538461
36,1,40,6,11,1,White,5,0,S,STRONG-Black,Nitrile,Glove,Middle,2.75,1,0,20220423_150744.jpg,y,,https://storage.labelbox.com/cl2ceiao35hbj0zahefxyfyll%2F3850978f-25f8-d478-06f8-c115bb7426ca-20220423_150744.jpg?Expires=1662175964330&KeyName=labelbox-assets-key-3&Signature=cJKKegcyrfgtf0__vnCdzpHxplM,cl2cla3ns682w0zcc2ioh86aq,292.0,215.0,898.0,2300.0,0.0,0.0
37,1,41,6,11,1,White,5,0,S,STRONG-Black,Nitrile,Glove,Middle,2.75,2,40,20220423_150755.jpg,y,,https://storage.labelbox.com/cl2ceiao35hbj0zahefxyfyll%2F1e59dcf0-d085-0016-eb05-f665a47efe77-20220423_150755.jpg?Expires=1662175964330&KeyName=labelbox-assets-key-3&Signature=WYdl6oS5Wr3opX9cIm8jw_qST8o,cl2clafdw60800zdffumld2sl,181.0,284.0,950.0,2213.0,0.38013698630136983,-0.32093023255813957
38,1,42,6,11,1,White,5,0,S,STRONG-Black,Nitrile,Glove,Middle,2.75,3,80,20220423_150759.jpg,y,,https://storage.labelbox.com/cl2ceiao35hbj0zahefxyfyll%2F26e81768-a0be-12ad-c5f1-736c97dfa769-20220423_150759.jpg?Expires=1662175964330&KeyName=labelbox-assets-key-3&Signature=nPV_auw-G9p7Z3Hy15z2_30prl4,cl2clbyxf60kv0zamg2lx26yg,119.0,273.0,979.0,2196.0,0.5924657534246576,-0.2697674418604652
39,1,43,6,11,1,White,5,0,S,STRONG-Black,Nitrile,Glove,Middle,2.75,4,120,20220423_150803.jpg,y,,https://storage.labelbox.com/cl2ceiao35hbj0zahefxyfyll%2Ff361a7d9-851b-d804-cc4c-720af4e37300-20220423_150803.jpg?Expires=1662175964330&KeyName=labelbox-assets-key-3&Signature=KRXB1gqNEEccc1wX49Q-e8e_as4,cl2clcxj764mj10cdc01wc2af,81.0,259.0,992.0,2192.0,0.7226027397260274,-0.20465116279069773
40,1,44,6,11,1,White,5,0,S,STRONG-Black,Nitrile,Glove,Middle,2.75,5,160,20220423_150808.jpg,y,,https://storage.labelbox.com/cl2ceiao35hbj0zahefxyfyll%2F6ddf2ee6-a116-57c9-ec26-bd12a83243a3-20220423_150808.jpg?Expires=1662175964331&KeyName=labelbox-assets-key-3&Signature=IW9m8fn2iRGnPXzIRqB_-17OT_E,cl2cldtem5zwq0zah59tj3qat,56.0,239.0,1005.0,2191.0,0.8082191780821918,-0.1116279069767443
41,1,45,6,11,1,White,5,0,S,STRONG-Black,Nitrile,Glove,Middle,2.75,6,200,20220423_150814.jpg,y,,https://storage.labelbox.com/cl2ceiao35hbj0zahefxyfyll%2F7e97bb41-93f4-bd4b-51e7-201caa37937e-20220423_150814.jpg?Expires=1662175964331&KeyName=labelbox-assets-key-3&Signature=jpaHmfBXYHiIemNN5v_5HCdriuI,cl2clejbk68750zcc9cs64cf2,38.0,219.0,1009.0,2188.0,0.8698630136986302,-0.018604651162790642
42,1,46,7,12,1,White,5,0,L,STRONG-Black,Nitrile,Glove,Middle,3.2,1,0,20220423_151207.jpg,y,,https://storage.labelbox.com/cl2ceiao35hbj0zahefxyfyll%2F411abf79-8c89-46d1-3be3-4d95568d6d8b-20220423_151207.jpg?Expires=1662175964331&KeyName=labelbox-assets-key-3&Signature=yMNybsRrs3d3YAjUcfMOUqhFN0M,cl2clf9v560ch0zdf4a8z3tty,265.0,265.0,894.0,2264.0,0.0,0.0
43,1,47,7,12,1,White,5,0,L,STRONG-Black,Nitrile,Glove,Middle,3.2,2,40,20220423_151214.jpg,y,,https://storage.labelbox.com/cl2ceiao35hbj0zahefxyfyll%2Fb72051cf-7493-9cfa-2097-39e873d8c0b6-20220423_151214.jpg?Expires=1662175964331&KeyName=labelbox-assets-key-3&Signature=2wpBcbouRK3GFIO79wWR8KJkGFE,cl2clgndv5yfj0zcaaigk4dg2,164.0,254.0,951.0,2260.0,0.38113207547169814,0.04150943396226414
44,1,48,7,12,1,White,5,0,L,STRONG-Black,Nitrile,Glove,Middle,3.2,3,80,20220423_151219.jpg,y,,https://storage.labelbox.com/cl2ceiao35hbj0zahefxyfyll%2Fc44e61a2-ef69-5a90-a289-b5303bddbaf9-20220423_151219.jpg?Expires=1662175964331&KeyName=labelbox-assets-key-3&Signature=sFZw6NHlIzLXq_uTki6pkrkMz_Q,cl2clkmoa4wjz0zbxd6ge2i1e,105.0,230.0,979.0,2258.0,0.6037735849056604,0.13207547169811318
45,1,49,7,12,1,White,5,0,L,STRONG-Black,Nitrile,Glove,Middle,3.2,4,120,20220423_151223.jpg,y,,https://storage.labelbox.com/cl2ceiao35hbj0zahefxyfyll%2F851a797d-1f41-306a-e162-8356d80436f3-20220423_151223.jpg?Expires=1662175964331&KeyName=labelbox-assets-key-3&Signature=6X5uZbfCbTbyCjnFnM1N1g_zLnY,cl2clkmud60150zah249z78tq,70.0,207.0,995.0,2259.0,0.7358490566037736,0.21886792452830184
46,1,50,7,12,1,White,5,0,L,STRONG-Black,Nitrile,Glove,Middle,3.2,5,160,20220423_151228.jpg,y,,https://storage.labelbox.com/cl2ceiao35hbj0zahefxyfyll%2F6a9bdd25-9906-52f4-622e-8cbd1616f286-20220423_151228.jpg?Expires=1662175964331&KeyName=labelbox-assets-key-3&Signature=SwL4obqYzt13wyAns8a4h6GImb8,cl2clky3a60t30zambxge5uum,47.0,190.0,1005.0,2256.0,0.8226415094339623,0.28301886792452835
47,1,51,7,12,1,White,5,0,L,STRONG-Black,Nitrile,Glove,Middle,3.2,6,200,20220423_151236.jpg,y,,https://storage.labelbox.com/cl2ceiao35hbj0zahefxyfyll%2Fac393718-2af2-d751-c3a4-8eb0b8b22a34-20220423_151236.jpg?Expires=1662175964332&KeyName=labelbox-assets-key-3&Signature=16YetJ2iwdYYZGDv5bb-kqXGXo8,cl2cllenx5yjq0zcahk1jabvp,32.0,167.0,1012.0,2260.0,0.879245283018868,0.369811320754717
48,1,52,8,13,1,White,5,0,M,STRONG-Black,Nitrile,Glove,Two,5.2,1,0,20220423_152357.jpg,y,,https://storage.labelbox.com/cl2ceiao35hbj0zahefxyfyll%2F187e3bf4-edf5-583e-0fef-eebfc7230e4d-20220423_152357.jpg?Expires=1662175964332&KeyName=labelbox-assets-key-3&Signature=JAMxLk-VFuQD54aqDKkAH--UJBg,cl2clm18m4wl00zbx6di5a31i,234.0,312.0,914.0,2260.0,0.0,0.0
49,1,53,8,13,1,White,5,0,M,STRONG-Black,Nitrile,Glove,Two,5.2,2,40,20220423_152405.jpg,y,,https://storage.labelbox.com/cl2ceiao35hbj0zahefxyfyll%2Ff63b9072-bdec-83a4-7f50-a84e0597830a-20220423_152405.jpg?Expires=1662175964332&KeyName=labelbox-assets-key-3&Signature=ZgefA1aitJChsnL1IzC1iqRuH-w,cl2clmu2m60hz0zdfa56tcl2g,123.0,306.0,954.0,2267.0,0.47435897435897434,0.019230769230769273
50,1,54,8,13,1,White,5,0,M,STRONG-Black,Nitrile,Glove,Two,5.2,3,80,20220423_152410.jpg,y,,https://storage.labelbox.com/cl2ceiao35hbj0zahefxyfyll%2Fd85def89-bbe1-8a19-5158-428157e3e87f-20220423_152410.jpg?Expires=1662175964332&KeyName=labelbox-assets-key-3&Signature=hz3j8X3P1s8ScPPyBhE3CJz0NFE,cl2clntwv60ux0zamdotq8kn4,68.0,291.0,980.0,2266.0,0.7094017094017093,0.06730769230769229
51,1,55,8,13,1,White,5,0,M,STRONG-Black,Nitrile,Glove,Two,5.2,4,120,20220423_152427.jpg,y,,https://storage.labelbox.com/cl2ceiao35hbj0zahefxyfyll%2F4191393f-5a94-e653-710d-06cba2f47d8b-20220423_152427.jpg?Expires=1662175964332&KeyName=labelbox-assets-key-3&Signature=XUVqaWrzVZkMv1YXe78XjeaXCek,cl2clo6on60iu0zdf83qcccg9,34.0,270.0,995.0,2267.0,0.8547008547008547,0.13461538461538458
52,1,56,8,13,1,White,5,0,M,STRONG-Black,Nitrile,Glove,Two,5.2,5,160,20220423_152432.jpg,y,,https://storage.labelbox.com/cl2ceiao35hbj0zahefxyfyll%2Fabe27fc4-4663-9f21-77b1-3d22aa869c6e-20220423_152432.jpg?Expires=1662175964332&KeyName=labelbox-assets-key-3&Signature=fm8e43kbCDnVuMihmztlxrJ9bj8,cl2clopwm64v110cd7ogw464w,16.0,253.0,1003.0,2268.0,0.9316239316239316,0.1891025641025641
53,1,57,8,13,1,White,5,0,M,STRONG-Black,Nitrile,Glove,Two,5.2,6,200,20220423_152437.jpg,y,,https://storage.labelbox.com/cl2ceiao35hbj0zahefxyfyll%2F85a4c704-edbb-5b5e-fc0b-e69564cbd2e6-20220423_152437.jpg?Expires=1662175964335&KeyName=labelbox-assets-key-3&Signature=SuHp3iRhslozBKV_OUQZFPUyUzw,cl2clp94x4wnr0zbxfnwuhj3s,3.0,237.0,1007.0,2266.0,0.9871794871794872,0.24038461538461542
54,1,60,6,16,2,White,5,0,S,STRONG-Black,Nitrile,Glove,Middle,2.7,1,0,20220423_153138.jpg,y,,https://storage.labelbox.com/cl2ceiao35hbj0zahefxyfyll%2Fe37bfec7-9137-6fb3-da94-a64d71a430a3-20220423_153138.jpg?Expires=1662175964335&KeyName=labelbox-assets-key-3&Signature=uRHjb-EGsCjgMLUn5k8T6BUTy2M,cl2clpvas60xa0zam3ufmf86n,344.0,150.0,863.0,2334.0,0.0,0.0
55,1,61,6,16,2,White,5,0,S,STRONG-Black,Nitrile,Glove,Middle,2.7,2,40,20220423_153149.jpg,y,,https://storage.labelbox.com/cl2ceiao35hbj0zahefxyfyll%2Fcc57f4db-1277-8027-04fa-33710a4b7359-20220423_153149.jpg?Expires=1662175964335&KeyName=labelbox-assets-key-3&Signature=jHs7DsA9QpMRZDnqSR9iqiWAepk,cl2clqf1u68gc0zccecbu003w,188.0,205.0,944.0,2263.0,0.4534883720930233,-0.3666666666666667
56,1,62,6,16,2,White,5,0,S,STRONG-Black,Nitrile,Glove,Middle,2.7,3,80,20220423_153153.jpg,y,,https://storage.labelbox.com/cl2ceiao35hbj0zahefxyfyll%2Fe650325e-3243-4bf8-e9fa-417b820c61b2-20220423_153153.jpg?Expires=1662175964336&KeyName=labelbox-assets-key-3&Signature=XLqbTIsi0PBFblFzhQXPdRXe-bA,cl2clrfwm62q30zagawj57p3j,126.0,178.0,978.0,2261.0,0.6337209302325582,-0.18666666666666676
57,1,63,6,16,2,White,5,0,S,STRONG-Black,Nitrile,Glove,Middle,2.7,4,120,20220423_153207.jpg,y,,https://storage.labelbox.com/cl2ceiao35hbj0zahefxyfyll%2F7cdc8d5b-220f-d43f-f0dc-eca37f797186-20220423_153207.jpg?Expires=1662175964336&KeyName=labelbox-assets-key-3&Signature=1htFtLS-cQwPBXGJA95p4cM_xH4,cl2cls8py4wrl0zbx3q4l0xn9,40.0,182.0,1040.0,2261.0,0.8837209302325582,-0.21333333333333337
58,1,64,6,16,2,White,5,0,S,STRONG-Black,Nitrile,Glove,Middle,2.7,5,160,20220423_153212.jpg,y,,https://storage.labelbox.com/cl2ceiao35hbj0zahefxyfyll%2F95141d3e-00e4-25c3-f126-3172f8556628-20220423_153212.jpg?Expires=1662175964336&KeyName=labelbox-assets-key-3&Signature=vqVtgGeF2zaHdTug07eQNWT6MkU,cl2clst4u62rj0zagbpyk2ao1,20.0,163.0,1047.0,2262.0,0.9418604651162791,-0.08666666666666667
59,1,65,6,16,2,White,5,0,S,STRONG-Black,Nitrile,Glove,Middle,2.7,6,200,20220423_153218.jpg,y,,https://storage.labelbox.com/cl2ceiao35hbj0zahefxyfyll%2Fc9ea9218-f273-f64c-e48e-7c232924bfbb-20220423_153218.jpg?Expires=1662175964336&KeyName=labelbox-assets-key-3&Signature=34oTJW1-YZe_piZPgOOHpp_3t3s,cl2cltfha610y0zam07zf0cap,5.0,149.0,1053.0,2258.0,0.9854651162790697,0.00666666666666671
60,1,66,7,17,2,White,5,0,L,STRONG-Black,Nitrile,Glove,Middle,3.0,1,0,20220423_153412.jpg,y,,https://storage.labelbox.com/cl2ceiao35hbj0zahefxyfyll%2Fee19e792-230e-9fa3-aea3-53cc7b7440fc-20220423_153412.jpg?Expires=1662175964338&KeyName=labelbox-assets-key-3&Signature=AFB8S_NYv2CYFrJaDlV1AbQY5tU,cl2clu4na4wsp0zbxe42nf406,274.0,245.0,922.0,2260.0,0.0,0.0
61,1,67,7,17,2,White,5,0,L,STRONG-Black,Nitrile,Glove,Middle,3.0,2,40,20220423_153417.jpg,y,,https://storage.labelbox.com/cl2ceiao35hbj0zahefxyfyll%2Fe2dc12b6-a818-bdbc-3345-c1a832d82501-20220423_153417.jpg?Expires=1662175964338&KeyName=labelbox-assets-key-3&Signature=3OxlS1QGfJfKT9jb9elIZ2POm54,cl2clv3rk62tm0zag2c0gagx1,208.0,224.0,961.0,2262.0,0.24087591240875916,0.08571428571428574
62,1,68,7,17,2,White,5,0,L,STRONG-Black,Nitrile,Glove,Middle,3.0,3,80,20220423_153422.jpg,y,,https://storage.labelbox.com/cl2ceiao35hbj0zahefxyfyll%2Faa366c17-a88c-68a2-d906-7a4ac5ecf48e-20220423_153422.jpg?Expires=1662175964338&KeyName=labelbox-assets-key-3&Signature=2LWdPbZxRo4xj99FI0-7-OFNNu4,cl2clw57060qf0zdfe6j06br0,155.0,196.0,989.0,2261.0,0.43430656934306566,0.19999999999999996
63,1,69,7,17,2,White,5,0,L,STRONG-Black,Nitrile,Glove,Middle,3.0,4,120,20220423_153426.jpg,y,,https://storage.labelbox.com/cl2ceiao35hbj0zahefxyfyll%2F4f5f8c1d-e4f3-09c3-3cd0-fa3d727f7844-20220423_153426.jpg?Expires=1662175964338&KeyName=labelbox-assets-key-3&Signature=ZnD0PErK-4ZY9J_3z_J07PZbtn4,cl2clwkkf68kr0zccb409dv22,122.0,172.0,1004.0,2262.0,0.5547445255474452,0.2979591836734694
64,1,70,7,17,2,White,5,0,L,STRONG-Black,Nitrile,Glove,Middle,3.0,5,160,20220423_153430.jpg,y,,https://storage.labelbox.com/cl2ceiao35hbj0zahefxyfyll%2Fb6cfe46d-de77-779d-4b98-831688d659e0-20220423_153430.jpg?Expires=1662175964338&KeyName=labelbox-assets-key-3&Signature=hGaTMOapGWniwn9g4neNrGLhMxA,cl2clwwqw60ag0zahb9ft1455,96.0,151.0,1014.0,2259.0,0.6496350364963503,0.38367346938775515
65,1,71,7,17,2,White,5,0,L,STRONG-Black,Nitrile,Glove,Middle,3.0,6,200,20220423_153434.jpg,y,,https://storage.labelbox.com/cl2ceiao35hbj0zahefxyfyll%2Fc0e82d54-f5a6-bb86-a5d1-62be5305e8ff-20220423_153434.jpg?Expires=1662175964338&KeyName=labelbox-assets-key-3&Signature=0eo7jETiqMipi67qxmd_31a66tQ,cl2clxx6y4wvy0zbxeyeb0u37,76.0,131.0,1026.0,2255.0,0.7226277372262774,0.4653061224489796
66,1,72,8,18,2,White,5,0,M,STRONG-Black,Nitrile,Glove,Two,5.1,1,0,20220423_153847.jpg,y,,https://storage.labelbox.com/cl2ceiao35hbj0zahefxyfyll%2F28ba6856-100a-a7ec-8d42-7ab9fab866de-20220423_153847.jpg?Expires=1662175964338&KeyName=labelbox-assets-key-3&Signature=3Agbvzjxxgfdzrq9XBzpfAxDAxc,cl2cly87u4ww80zbxbbpu0iet,154.0,317.0,952.0,2268.0,0.0,0.0
67,1,73,8,18,2,White,5,0,M,STRONG-Black,Nitrile,Glove,Two,5.1,2,40,20220423_153857.jpg,y,,https://storage.labelbox.com/cl2ceiao35hbj0zahefxyfyll%2F2c7ae321-3577-3a52-1a79-0a76d3ebb634-20220423_153857.jpg?Expires=1662175964339&KeyName=labelbox-assets-key-3&Signature=tAsUf7HVKDXZa-EplnQYlHkchas,cl2clyom04wwi0zbx95n98l2b,65.0,306.0,1002.0,2266.0,0.577922077922078,0.034700315457413256
68,1,74,8,18,2,White,5,0,M,STRONG-Black,Nitrile,Glove,Two,5.1,3,80,20220423_153901.jpg,y,,https://storage.labelbox.com/cl2ceiao35hbj0zahefxyfyll%2F7931b8d5-4b95-c779-012d-556c4b79b59e-20220423_153901.jpg?Expires=1662175964339&KeyName=labelbox-assets-key-3&Signature=WA9lzVG90OvDLMLgRIuwSoC93M0,cl2clzkil62w90zag1a990iku,28.0,281.0,1027.0,2261.0,0.8181818181818181,0.11356466876971605
69,1,75,8,18,2,White,5,0,M,STRONG-Black,Nitrile,Glove,Two,5.1,4,120,20220423_153904.jpg,y,,https://storage.labelbox.com/cl2ceiao35hbj0zahefxyfyll%2Fe490c403-2cf5-b877-9eb9-3d86b93f341e-20220423_153904.jpg?Expires=1662175964339&KeyName=labelbox-assets-key-3&Signature=9HnPCwB5ujZJDC0DX9IDVcTQ60w,cl2clzy8p68ns0zcchenx4hb1,6.0,257.0,1036.0,2268.0,0.961038961038961,0.18927444794952686
70,1,76,8,18,2,White,5,0,M,STRONG-Black,Nitrile,Glove,Two,5.1,5,160,20220423_153908.jpg,y,,https://storage.labelbox.com/cl2ceiao35hbj0zahefxyfyll%2F312f3fb5-1dae-d390-5249-f92c94324d5f-20220423_153908.jpg?Expires=1662175964339&KeyName=labelbox-assets-key-3&Signature=DAzYjD5YE1TKuMvLCxDZ7jF6LEM,cl2cm0apr68nv0zccb29le6cq,1.0,239.0,1042.0,2271.0,0.9935064935064936,0.24605678233438488
71,1,77,8,18,2,White,5,0,M,STRONG-Black,Nitrile,Glove,Two,5.1,6,200,20220423_153912.jpg,y,,https://storage.labelbox.com/cl2ceiao35hbj0zahefxyfyll%2F6cc661d0-9307-830a-73f6-e41286bedad1-20220423_153912.jpg?Expires=1662175964339&KeyName=labelbox-assets-key-3&Signature=LFs1UfQFD03iUFI9bjbFikQqbh4,cl2cm0rj84wxt0zbx34h56i8q,0.0,224.0,1041.0,2268.0,1.0,0.2933753943217665
72,1,78,6,19,3,White,5,0,S,STRONG-Black,Nitrile,Glove,Middle,2.75,1,0,20220423_154155.jpg,y,,https://storage.labelbox.com/cl2ceiao35hbj0zahefxyfyll%2F89f00865-e062-0979-c9b8-304e9afa6f44-20220423_154155.jpg?Expires=1662175964339&KeyName=labelbox-assets-key-3&Signature=zBwBGqYA8hSbDMoXrvGhUvp743g,cl2cm1shv60fz0zah7e8t60rq,280.0,240.0,861.0,2272.0,0.0,0.0
73,1,79,6,19,3,White,5,0,S,STRONG-Black,Nitrile,Glove,Middle,2.75,2,40,20220423_154200.jpg,y,,https://storage.labelbox.com/cl2ceiao35hbj0zahefxyfyll%2F61ad6a27-04ff-36a6-40a5-d16b497cf95a-20220423_154200.jpg?Expires=1662175964339&KeyName=labelbox-assets-key-3&Signature=mr23nH4vyQ6YcePcKGmS58ZO5zk,cl2cm2geb4wz20zbx65sl11sv,233.0,233.0,889.0,2265.0,0.16785714285714282,0.029166666666666674
74,1,80,6,19,3,White,5,0,S,STRONG-Black,Nitrile,Glove,Middle,2.75,3,80,20220423_154203.jpg,y,,https://storage.labelbox.com/cl2ceiao35hbj0zahefxyfyll%2F2d901a53-3e32-4f43-9883-6ee3f7d365b5-20220423_154203.jpg?Expires=1662175964339&KeyName=labelbox-assets-key-3&Signature=to7YKBGiH4KQx7JqGNvaH6HalB0,cl2cm32x9656y10cdgjdnhswr,175.0,202.0,923.0,2268.0,0.375,0.15833333333333333
75,1,81,6,19,3,White,5,0,S,STRONG-Black,Nitrile,Glove,Middle,2.75,4,120,20220423_154207.jpg,y,,https://storage.labelbox.com/cl2ceiao35hbj0zahefxyfyll%2Fcc7637f2-5ea1-8a38-d9db-923a30ec7c04-20220423_154207.jpg?Expires=1662175964339&KeyName=labelbox-assets-key-3&Signature=YuhEUdbkBb1w0gFGH0JZxV8E-6I,cl2cm3h0g5yyv0zca6wlzc9l1,134.0,177.0,942.0,2269.0,0.5214285714285714,0.26249999999999996
76,1,82,6,19,3,White,5,0,S,STRONG-Black,Nitrile,Glove,Middle,2.75,5,160,20220423_154211.jpg,y,,https://storage.labelbox.com/cl2ceiao35hbj0zahefxyfyll%2Fc1e89069-9600-b53d-d2db-295a32032806-20220423_154211.jpg?Expires=1662175964340&KeyName=labelbox-assets-key-3&Signature=QTXdhjGjabf81Ykqha-s2LqwZyI,cl2cm3r6n5yyz0zcabt6tbytp,108.0,159.0,954.0,2264.0,0.6142857142857143,0.3375
77,1,83,6,19,3,White,5,0,S,STRONG-Black,Nitrile,Glove,Middle,2.75,6,200,20220423_154215.jpg,y,,https://storage.labelbox.com/cl2ceiao35hbj0zahefxyfyll%2F636283aa-e771-bf5d-96d7-7fefd7819db8-20220423_154215.jpg?Expires=1662175964340&KeyName=labelbox-assets-key-3&Signature=hn-oBZdZm9jFgObyoMklmFg43ec,cl2cm471s61a10zamdjb67lh0,85.0,139.0,962.0,2268.0,0.6964285714285714,0.4208333333333333
78,1,84,7,20,3,White,5,0,L,STRONG-Black,Nitrile,Glove,Middle,3.2,1,0,20220423_154440.jpg,y,,https://storage.labelbox.com/cl2ceiao35hbj0zahefxyfyll%2Fa3d818c9-6efd-45cf-ff0f-df96c64cf96a-20220423_154440.jpg?Expires=1662175964340&KeyName=labelbox-assets-key-3&Signature=lTyeonUM5QvuXHbJ01St1IcZYNE,cl2cm4mwm658j10cdbscggdyu,270.0,246.0,851.0,2261.0,0.0,0.0
79,1,85,7,20,3,White,5,0,L,STRONG-Black,Nitrile,Glove,Middle,3.2,2,40,20220423_154448.jpg,y,,https://storage.labelbox.com/cl2ceiao35hbj0zahefxyfyll%2F7ec688fb-4d4d-fb09-345a-f4f36496686f-20220423_154448.jpg?Expires=1662175964340&KeyName=labelbox-assets-key-3&Signature=ZrbX_k4XCAZc6NNzEoGRB8uyFcU,cl2cm53d260jg0zahhpel4jw4,226.0,222.0,865.0,2264.0,0.16296296296296298,0.09756097560975607
80,1,86,7,20,3,White,5,0,L,STRONG-Black,Nitrile,Glove,Middle,3.2,3,80,20220423_154453.jpg,y,,https://storage.labelbox.com/cl2ceiao35hbj0zahefxyfyll%2Fd3890844-112f-5deb-eb90-ff9b97bfde0f-20220423_154453.jpg?Expires=1662175964340&KeyName=labelbox-assets-key-3&Signature=zobQmkaPc-xi7S9QyzJYirmAQkI,cl2cm5fff659i10cd9wwq3575,171.0,195.0,895.0,2267.0,0.3666666666666667,0.20731707317073167
81,1,87,7,20,3,White,5,0,L,STRONG-Black,Nitrile,Glove,Middle,3.2,4,120,20220423_154458.jpg,y,,https://storage.labelbox.com/cl2ceiao35hbj0zahefxyfyll%2Fdfdeace5-7576-d32d-ea65-e7a35011a7f7-20220423_154458.jpg?Expires=1662175964340&KeyName=labelbox-assets-key-3&Signature=2WtkZPCWHdhsvVBHdh4ypb2XP9U,cl2cm62925z0i0zcah60l8j7m,134.0,170.0,914.0,2266.0,0.5037037037037038,0.3089430894308943
82,1,88,7,20,3,White,5,0,L,STRONG-Black,Nitrile,Glove,Middle,3.2,5,160,20220423_154502.jpg,y,,https://storage.labelbox.com/cl2ceiao35hbj0zahefxyfyll%2F9ca691fb-ea2a-c104-2e5f-358c84756821-20220423_154502.jpg?Expires=1662175964340&KeyName=labelbox-assets-key-3&Signature=gIFEjZ8u6xThlk6ITKhemn7FrjU,cl2cm6iip5z0q0zcage1j7fd6,106.0,147.0,930.0,2264.0,0.6074074074074074,0.4024390243902439
83,1,89,7,20,3,White,5,0,L,STRONG-Black,Nitrile,Glove,Middle,3.2,6,200,20220423_154506.jpg,y,,https://storage.labelbox.com/cl2ceiao35hbj0zahefxyfyll%2F02d33f25-2815-f1b8-fedb-4225b25abcb2-20220423_154506.jpg?Expires=1662175964340&KeyName=labelbox-assets-key-3&Signature=2YXQcCtIha0crr2r9tLMdiSgDcA,cl2cm6y0v68u10zccduhc0bo3,89.0,129.0,939.0,2265.0,0.6703703703703704,0.47560975609756095
84,1,90,8,21,3,White,5,0,M,STRONG-Black,Nitrile,Glove,Two,5.0,1,0,20220423_154928.jpg,y,,https://storage.labelbox.com/cl2ceiao35hbj0zahefxyfyll%2Ffea45414-48ff-0c23-28fe-060d41ee8690-20220423_154928.jpg?Expires=1662175964341&KeyName=labelbox-assets-key-3&Signature=c1BQoGbHxuMsObihOZ07FHunVys,cl2cm7esj5z1m0zcaaj1aeul1,262.0,280.0,863.0,2274.0,0.0,0.0
85,1,91,8,21,3,White,5,0,M,STRONG-Black,Nitrile,Glove,Two,5.0,2,40,20220423_154934.jpg,y,,https://storage.labelbox.com/cl2ceiao35hbj0zahefxyfyll%2Fddb55817-0d75-d292-701c-58982422a039-20220423_154934.jpg?Expires=1662175964341&KeyName=labelbox-assets-key-3&Signature=E75Qq9HZXCgHBFljcCQPpGGWchE,cl2cm8ckq60y10zdfhpbb4q7o,146.0,280.0,930.0,2264.0,0.4427480916030534,0.0
86,1,92,8,21,3,White,5,0,M,STRONG-Black,Nitrile,Glove,Two,5.0,3,80,20220423_154939.jpg,y,,https://storage.labelbox.com/cl2ceiao35hbj0zahefxyfyll%2Fb3ec4677-6aeb-ef91-c4c9-921598f6890e-20220423_154939.jpg?Expires=1662175964341&KeyName=labelbox-assets-key-3&Signature=zI-6p8fwzPaedf8QlbOMx_MSrn4,cl2cm8u654x390zbx7a818yqq,82.0,251.0,961.0,2264.0,0.6870229007633588,0.10357142857142854
87,1,93,8,21,3,White,5,0,M,STRONG-Black,Nitrile,Glove,Two,5.0,4,120,20220423_154944.jpg,y,,https://storage.labelbox.com/cl2ceiao35hbj0zahefxyfyll%2F7df3fe6e-57ee-138e-04a1-90d4564c234e-20220423_154944.jpg?Expires=1662175964341&KeyName=labelbox-assets-key-3&Signature=Z3pAAuPQMBPw_uJnPwlxyc3Lv4w,cl2cm998q61di0zamh6jlg1ci,52.0,229.0,978.0,2266.0,0.8015267175572519,0.18214285714285716
88,1,94,8,21,3,White,5,0,M,STRONG-Black,Nitrile,Glove,Two,5.0,5,160,20220423_154948.jpg,y,,https://storage.labelbox.com/cl2ceiao35hbj0zahefxyfyll%2F84d4559a-8252-16ad-c794-183bc5f77698-20220423_154948.jpg?Expires=1662175964341&KeyName=labelbox-assets-key-3&Signature=OgaEii0d3trWxwJfaawwtG2rQDA,cl2cmb2de5z3g0zcafm0xgu2a,28.0,213.0,993.0,2265.0,0.8931297709923665,0.23928571428571432
89,1,95,8,21,3,White,5,0,M,STRONG-Black,Nitrile,Glove,Two,5.0,6,200,20220423_154953.jpg,y,,https://storage.labelbox.com/cl2ceiao35hbj0zahefxyfyll%2F8291a879-1db1-1d45-bf8c-a8c430829020-20220423_154953.jpg?Expires=1662175964341&KeyName=labelbox-assets-key-3&Signature=Lt-UZKYHndS4uuOVE37LU0B8UIA,cl2cmbsoz68y60zccg92z1fs6,11.0,199.0,1001.0,2263.0,0.9580152671755725,0.28928571428571426
90,1,96,11,22,1,White,3,0,Unspecified,Trojan,Latex,Condom,Precut,3.7,1,0,20220423_161115.jpg,y,,https://storage.labelbox.com/cl2ceiao35hbj0zahefxyfyll%2Fcd03645d-f7fe-8254-adfa-3c81a720d532-20220423_161115.jpg?Expires=1662175964341&KeyName=labelbox-assets-key-3&Signature=bajvAJR1DJ_kjSr_ibRqdGSmigo,cl2huohps01lf10a3c47468g0,250.0,242.0,1213.0,2265.0,0.0,0.0
91,1,97,11,22,1,White,3,0,Unspecified,Trojan,Latex,Condom,Precut,3.7,2,40,20220423_161124.jpg,y,,https://storage.labelbox.com/cl2ceiao35hbj0zahefxyfyll%2F2035e2c8-04c5-a1a0-d94f-11b545e055e0-20220423_161124.jpg?Expires=1662175964342&KeyName=labelbox-assets-key-3&Signature=zawhYAnDqqbj57JlDswB3hYMF18,cl2huqa7t01ui0z8g69nw204n,88.0,324.0,1263.0,2157.0,0.648,-0.33884297520661155
92,1,98,11,22,1,White,3,0,Unspecified,Trojan,Latex,Condom,Precut,3.7,3,80,20220423_161129.jpg,y,,https://storage.labelbox.com/cl2ceiao35hbj0zahefxyfyll%2Ff0579b01-f358-2264-3da0-1b5ac1d67089-20220423_161129.jpg?Expires=1662175964342&KeyName=labelbox-assets-key-3&Signature=xxte5DuI3GVpgypww1m31H7pB9k,cl2hurco4020r0z8gfh3y5lvd,52.0,294.0,1284.0,2158.0,0.792,-0.2148760330578512
93,1,99,11,22,1,White,3,0,Unspecified,Trojan,Latex,Condom,Precut,3.7,4,120,20220423_161133.jpg,y,,https://storage.labelbox.com/cl2ceiao35hbj0zahefxyfyll%2F20a4b0b7-7e38-b1a6-cd15-703564cf8653-20220423_161133.jpg?Expires=1662175964342&KeyName=labelbox-assets-key-3&Signature=LQ1mF_C7yDvHQl1zoTS-AY9CObs,cl2hus046023f10a33jf062sq,25.0,270.0,1319.0,2163.0,0.9,-0.11570247933884303
94,1,100,11,22,1,White,3,0,Unspecified,Trojan,Latex,Condom,Precut,3.7,5,160,20220423_161139.jpg,y,,https://storage.labelbox.com/cl2ceiao35hbj0zahefxyfyll%2Fe89237bb-58bc-a684-b75d-196f46b589ec-20220423_161139.jpg?Expires=1662175964341&KeyName=labelbox-assets-key-3&Signature=MzdDKY2eldNpjq6emqInszt7pyY,cl2huohik01q4108tchjeez7l,8.0,337.0,1332.0,2166.0,0.968,-0.3925619834710743
95,1,101,11,22,1,White,3,0,Unspecified,Trojan,Latex,Condom,Precut,3.7,6,200,20220423_161143.jpg,y,,https://storage.labelbox.com/cl2ceiao35hbj0zahefxyfyll%2Fdc49532a-b326-c0b6-fd95-033959febddc-20220423_161143.jpg?Expires=1662175964342&KeyName=labelbox-assets-key-3&Signature=kjEUNfUO4Z7OccLTB7dBXcZYtfE,cl2husuu1024r0zarf7ya72du,2.0,184.0,927.0,1686.0,0.992,0.23966942148760328
96,1,102,12,23,1,White,3,0,Unspecified,Lifestyle,Latex,Condom,Precut,3.6,1,0,20220423_161757.jpg,y,,https://storage.labelbox.com/cl2ceiao35hbj0zahefxyfyll%2F55de0283-3fdd-71d6-6db8-9c407e4b0c3d-20220423_161757.jpg?Expires=1662175964342&KeyName=labelbox-assets-key-3&Signature=W8avT2fUvYaJRKVrw6LgGQu4tzw,cl2hutejb02k10z9idi8ccese,247.0,270.0,768.0,1567.0,0.0,0.0
97,1,103,12,23,1,White,3,0,Unspecified,Lifestyle,Latex,Condom,Precut,3.6,2,40,20220423_161802.jpg,y,,https://storage.labelbox.com/cl2ceiao35hbj0zahefxyfyll%2F0cb49a98-92b2-ccc1-496c-785e8a11eb9b-20220423_161802.jpg?Expires=1662175964342&KeyName=labelbox-assets-key-3&Signature=wz5ZFeRQOIO4GzSun49QTRtVjsY,cl2huvhqu02kq0z8gdlymfrye,99.0,366.0,834.0,1508.0,0.5991902834008097,-0.3555555555555556
98,1,104,12,23,1,White,3,0,Unspecified,Lifestyle,Latex,Condom,Precut,3.6,3,80,20220423_161807.jpg,y,,https://storage.labelbox.com/cl2ceiao35hbj0zahefxyfyll%2Fa136ee84-72c7-9266-7c5d-6c06c40537c9-20220423_161807.jpg?Expires=1662175964342&KeyName=labelbox-assets-key-3&Signature=lS-ReV_RlWTCyJRW8T-AHXE3OxU,cl2huwgi100oh107h4ju39gzt,43.0,335.0,873.0,1542.0,0.8259109311740891,-0.2407407407407407
99,1,105,12,23,1,White,3,0,Unspecified,Lifestyle,Latex,Condom,Precut,3.6,4,120,20220423_161811.jpg,y,,https://storage.labelbox.com/cl2ceiao35hbj0zahefxyfyll%2Ff2f314b5-8412-d970-7ded-2d2acb12fa22-20220423_161811.jpg?Expires=1662175964342&KeyName=labelbox-assets-key-3&Signature=zHpPRHWGwlPXelNyyvaZ3KG1bL4,cl2huww0900qo107hd3w0e7wx,21.0,314.0,886.0,1562.0,0.9149797570850202,-0.16296296296296298
100,1,106,12,23,1,White,3,0,Unspecified,Lifestyle,Latex,Condom,Precut,3.6,5,160,20220423_161816.jpg,y,,https://storage.labelbox.com/cl2ceiao35hbj0zahefxyfyll%2F8dc7e370-45e3-f28a-6ffd-9fd68bfb41a3-20220423_161816.jpg?Expires=1662175964342&KeyName=labelbox-assets-key-3&Signature=PfGsc-M7Vi__1zMRo2JcCCgsbTs,cl2hux8h602to0z8gbpwe98yh,7.0,291.0,894.0,1579.0,0.97165991902834,-0.07777777777777772
101,1,107,12,23,1,White,3,0,Unspecified,Lifestyle,Latex,Condom,Precut,3.6,6,200,20220423_161824.jpg,y,,https://storage.labelbox.com/cl2ceiao35hbj0zahefxyfyll%2F5233fb35-3ed3-6e40-e67b-f8f441393f76-20220423_161824.jpg?Expires=1662175964343&KeyName=labelbox-assets-key-3&Signature=bJBlidprTrHvQ3ybdM82MSAzO0k,cl2huxpl703700z9i11vfcu08,1.0,274.0,902.0,1597.0,0.9959514170040485,-0.014814814814814836
102,1,108,13,24,1,White,3,0,Unspecified,Durex,Polyisoprene,Condom,Precut,3.55,1,0,20220423_162703.jpg,y,,https://storage.labelbox.com/cl2ceiao35hbj0zahefxyfyll%2F62e7dd66-7196-e0a7-0e86-fe7d4fbf70d8-20220423_162703.jpg?Expires=1662175964343&KeyName=labelbox-assets-key-3&Signature=AeYkixAtoirw_6nCvps-TK3CLTo,cl2huydwp03140z8g8gnb1l47,258.0,321.0,768.0,1538.0,0.0,0.0
103,1,109,13,24,1,White,3,0,Unspecified,Durex,Polyisoprene,Condom,Precut,3.55,2,40,20220423_162710.jpg,y,,https://storage.labelbox.com/cl2ceiao35hbj0zahefxyfyll%2F2899fbf1-8f11-60d8-60ce-773a333cd3d2-20220423_162710.jpg?Expires=1662175964343&KeyName=labelbox-assets-key-3&Signature=CH5Airh340YFC52uohfrc_NgXag,cl2huyzco037910a3ezcb1oar,109.0,311.0,848.0,1558.0,0.5775193798449613,0.031152647975077885
104,1,110,13,24,1,White,3,0,Unspecified,Durex,Polyisoprene,Condom,Precut,3.55,3,80,20220423_162715.jpg,y,,https://storage.labelbox.com/cl2ceiao35hbj0zahefxyfyll%2F1cfde0ed-701c-e374-0e8b-5951814b14b9-20220423_162715.jpg?Expires=1662175964343&KeyName=labelbox-assets-key-3&Signature=RQYbfZJaK2JPnTM1t5L1dDYHIEw,cl2huzpxm01au107h1d3gdmbu,33.0,288.0,868.0,1587.0,0.872093023255814,0.10280373831775702
105,1,111,13,24,1,White,3,0,Unspecified,Durex,Polyisoprene,Condom,Precut,3.55,4,120,20220423_162720.jpg,y,,https://storage.labelbox.com/cl2ceiao35hbj0zahefxyfyll%2Fe86f3f2d-1553-ac5e-d765-5939f9394d6b-20220423_162720.jpg?Expires=1662175964343&KeyName=labelbox-assets-key-3&Signature=leQvlacZaGYV2SsTjzF4GBOHbbc,cl2hv003b03mo108tgh1qgi6g,6.0,261.0,847.0,1616.0,0.9767441860465116,0.1869158878504673
106,1,112,13,24,1,White,3,0,Unspecified,Durex,Polyisoprene,Condom,Precut,3.55,5,160,20220423_162726.jpg,y,,https://storage.labelbox.com/cl2ceiao35hbj0zahefxyfyll%2Fbfd89923-93ba-6c5d-e9d6-f5c6f7d86c90-20220423_162726.jpg?Expires=1662175964343&KeyName=labelbox-assets-key-3&Signature=krxwPZUEUyzMkH1IXQVf26UdclQ,cl2hv0iwh03kx0z8gf2rn8qh2,3.0,235.0,818.0,1644.0,0.9883720930232558,0.2679127725856698
107,1,113,13,24,1,White,3,0,Unspecified,Durex,Polyisoprene,Condom,Precut,3.55,6,200,20220423_162734.jpg,y,,https://storage.labelbox.com/cl2ceiao35hbj0zahefxyfyll%2F06e58323-3ba3-2f2c-f194-957417e51db9-20220423_162734.jpg?Expires=1662175964343&KeyName=labelbox-assets-key-3&Signature=LOMNK19HoJ6mcsbHKhZEevII4Ag,cl2hv1alu03ot10a3h9s95y27,3.0,210.0,820.0,1671.0,0.9883720930232558,0.3457943925233645
108,1,114,14,25,1,White,3,0,Unspecified,Skyn,Polyisoprene,Condom,Precut,3.65,1,0,20220423_164014.jpg,y,,https://storage.labelbox.com/cl2ceiao35hbj0zahefxyfyll%2F68d8afc4-c040-f5ff-1b74-f2eef56b73fa-20220423_164014.jpg?Expires=1662175964344&KeyName=labelbox-assets-key-3&Signature=vX-LR8L7I6pGd_ibFVrQoxmKNfo,cl2hv1nml06f20z654g7ofekn,238.0,319.0,1120.0,1505.0,0.0,0.0
109,1,115,14,25,1,White,3,0,Unspecified,Skyn,Polyisoprene,Condom,Precut,3.65,2,40,20220423_164023.jpg,y,,https://storage.labelbox.com/cl2ceiao35hbj0zahefxyfyll%2F030a884f-db8b-4f5c-148c-26bcca575c69-20220423_164023.jpg?Expires=1662175964344&KeyName=labelbox-assets-key-3&Signature=bII0sm8WvIUrcnnYuV5tlz34hBw,cl2hv202501tf107hchike8ww,74.0,339.0,1219.0,1538.0,0.6890756302521008,-0.06269592476489039
110,1,116,14,25,1,White,3,0,Unspecified,Skyn,Polyisoprene,Condom,Precut,3.65,3,80,20220423_164028.jpg,y,,https://storage.labelbox.com/cl2ceiao35hbj0zahefxyfyll%2F7f7b5484-d5bb-ac64-3b88-bc747a48b289-20220423_164028.jpg?Expires=1662175964344&KeyName=labelbox-assets-key-3&Signature=58xf_6sMkkVMco81oqbLwwINmXk,cl2hv2kaj03xj10a36k6jat22,26.0,303.0,1256.0,1574.0,0.8907563025210083,0.050156739811912265
111,1,117,14,25,1,White,3,0,Unspecified,Skyn,Polyisoprene,Condom,Precut,3.65,4,120,20220423_164033.jpg,y,,https://storage.labelbox.com/cl2ceiao35hbj0zahefxyfyll%2F83f4c8c6-75e4-bc56-9fdb-df3b317bdd80-20220423_164033.jpg?Expires=1662175964344&KeyName=labelbox-assets-key-3&Signature=irHI1HBY3SCF26SSek5MIhdho7Q,cl2hv35ui04gb0z9i0gvlb4el,5.0,304.0,1268.0,1567.0,0.9789915966386554,0.047021943573667735
112,1,118,14,25,1,White,3,0,Unspecified,Skyn,Polyisoprene,Condom,Precut,3.65,5,160,20220423_164038.jpg,y,,https://storage.labelbox.com/cl2ceiao35hbj0zahefxyfyll%2Faa08c16e-e2a1-36f8-cfd2-55b42b3a148c-20220423_164038.jpg?Expires=1662175964344&KeyName=labelbox-assets-key-3&Signature=qprcPM-mBf8RY_2TMloNVvcdNrw,cl2hv3nde04790z83gy1h3l61,2.0,299.0,1272.0,1574.0,0.9915966386554622,0.06269592476489028
113,1,119,14,25,1,White,3,0,Unspecified,Skyn,Polyisoprene,Condom,Precut,3.65,6,200,20220423_164044.jpg,y,,https://storage.labelbox.com/cl2ceiao35hbj0zahefxyfyll%2F2821a957-fa34-d0ef-be7b-2649a293b7af-20220423_164044.jpg?Expires=1662175964344&KeyName=labelbox-assets-key-3&Signature=Can_THkTO0mVAQXvOYC-Q78QvhE,cl2hv4tsx04fb10a34evq2f99,3.0,288.0,1272.0,1583.0,0.9873949579831933,0.09717868338557989
114,1,120,11,26,2,White,3,0,Unspecified,Trojan,Latex,Condom,Precut,3.55,1,0,20220423_164432.jpg,y,,https://storage.labelbox.com/cl2ceiao35hbj0zahefxyfyll%2Fa571d2d0-4a3b-1c3c-6e3c-246a6592c4dd-20220423_164432.jpg?Expires=1662175964344&KeyName=labelbox-assets-key-3&Signature=shQ0cWZNDUESy72cOmRqS0QQMB0,cl2hv5f1v04w00z9i3csuc1oi,228.0,309.0,1132.0,1542.0,0.0,0.0
115,1,121,11,26,2,White,3,0,Unspecified,Trojan,Latex,Condom,Precut,3.55,2,40,20220423_164442.jpg,y,,https://storage.labelbox.com/cl2ceiao35hbj0zahefxyfyll%2F80529ba5-fbed-39c1-81a3-5c6087b16700-20220423_164442.jpg?Expires=1662175964344&KeyName=labelbox-assets-key-3&Signature=DNxi1Rm_SGAsh4dtKo7e61pZBMM,cl2hv5rgi04t4108tbohkem2i,56.0,306.0,1227.0,1576.0,0.7543859649122807,0.009708737864077666
116,1,122,11,26,2,White,3,0,Unspecified,Trojan,Latex,Condom,Precut,3.55,3,80,20220423_164446.jpg,y,,https://storage.labelbox.com/cl2ceiao35hbj0zahefxyfyll%2F847c2730-44a0-a84f-a3f0-0a4c3f39f729-20220423_164446.jpg?Expires=1662175964348&KeyName=labelbox-assets-key-3&Signature=j5MneDUqEunu4TYyENAMtSdxvRE,cl2hv6nsg04q30zargj5gd605,14.0,281.0,1242.0,1600.0,0.9385964912280702,0.09061488673139162
117,1,123,11,26,2,White,3,0,Unspecified,Trojan,Latex,Condom,Precut,3.55,4,120,20220423_164450.jpg,y,,https://storage.labelbox.com/cl2ceiao35hbj0zahefxyfyll%2F302f35be-74bf-ea93-36f1-5b2678b19284-20220423_164450.jpg?Expires=1662175964348&KeyName=labelbox-assets-key-3&Signature=eS0VocosEVEnUSrGEJ4uulTXnrU,cl2hv6z4f04x50z83fyyg7pao,7.0,262.0,1240.0,1619.0,0.9692982456140351,0.15210355987055013
118,1,124,11,26,2,White,3,0,Unspecified,Trojan,Latex,Condom,Precut,3.55,5,160,20220423_164455.jpg,y,,https://storage.labelbox.com/cl2ceiao35hbj0zahefxyfyll%2Fc6648ebe-b47a-3441-1e0e-1de8e3b9e268-20220423_164455.jpg?Expires=1662175964349&KeyName=labelbox-assets-key-3&Signature=lbeVgOBgImsAgKzwWxe_AmZzPjw,cl2hv7dmi05a10z9i88pfdoka,1.0,247.0,1246.0,1628.0,0.9956140350877193,0.20064724919093846
119,1,125,11,26,2,White,3,0,Unspecified,Trojan,Latex,Condom,Precut,3.55,6,200,20220423_164500.jpg,y,,https://storage.labelbox.com/cl2ceiao35hbj0zahefxyfyll%2F77c21d64-3cd2-63af-888d-1f7616c602ca-20220423_164500.jpg?Expires=1662175964349&KeyName=labelbox-assets-key-3&Signature=mk84sy7JFruAlkoeFA4xNENQvb0,cl2hv7uyp050s0zarb4pjeeek,1.0,294.0,1244.0,1590.0,0.9956140350877193,0.04854368932038833
120,1,126,12,27,2,White,3,0,Unspecified,Lifestyle,Latex,Condom,Precut,3.65,1,0,20220423_164749.jpg,y,,https://storage.labelbox.com/cl2ceiao35hbj0zahefxyfyll%2Faa7426ad-2ba5-e85a-e196-f49cf2cc42a4-20220423_164749.jpg?Expires=1662175964349&KeyName=labelbox-assets-key-3&Signature=DBJe2LvaRjabn385Q8dT0CPdGT8,cl2hv8vur057k0zar8uwa6np9,235.0,311.0,1159.0,1522.0,0.0,0.0
121,1,127,12,27,2,White,3,0,Unspecified,Lifestyle,Latex,Condom,Precut,3.65,2,40,20220423_164754.jpg,y,,https://storage.labelbox.com/cl2ceiao35hbj0zahefxyfyll%2F7b93f253-c315-3f35-0ddc-23f1b8841006-20220423_164754.jpg?Expires=1662175964349&KeyName=labelbox-assets-key-3&Signature=OrKt7URxeXGhhR4eZpR7l87LEC4,cl2hvar5305u9108tf35k3rwb,59.0,333.0,1254.0,1548.0,0.7489361702127659,-0.07073954983922826
122,1,128,12,27,2,White,3,0,Unspecified,Lifestyle,Latex,Condom,Precut,3.65,3,80,20220423_164759.jpg,y,,https://storage.labelbox.com/cl2ceiao35hbj0zahefxyfyll%2F957bd52b-5ae8-450e-d75a-5f6d356d2bcf-20220423_164759.jpg?Expires=1662175964350&KeyName=labelbox-assets-key-3&Signature=x2eizR5lFlsqBchcLsB-dgTNRrQ,cl2hvarbw08870z6594hc1ifr,3.0,291.0,1273.0,1579.0,0.9872340425531915,0.06430868167202575
123,1,129,12,27,2,White,3,0,Unspecified,Lifestyle,Latex,Condom,Precut,3.65,4,120,20220423_164803.jpg,y,,https://storage.labelbox.com/cl2ceiao35hbj0zahefxyfyll%2Fe89a7445-61f7-282f-7783-b2fa6895564e-20220423_164803.jpg?Expires=1662175964350&KeyName=labelbox-assets-key-3&Signature=KMQAf5vlMeAANJ_aXs5zXH5e7qs,cl2hvb5ss05vy0z8g328fdmmp,1.0,276.0,1277.0,1597.0,0.9957446808510638,0.112540192926045
124,1,130,12,27,2,White,3,0,Unspecified,Lifestyle,Latex,Condom,Precut,3.65,5,160,20220423_164808.jpg,y,,https://storage.labelbox.com/cl2ceiao35hbj0zahefxyfyll%2F71dfbb48-64c9-0861-55d4-472562311d99-20220423_164808.jpg?Expires=1662175964350&KeyName=labelbox-assets-key-3&Signature=rYqhpRNQDzpljr9_GuUvRdQLnSQ,cl2hvbl9n05yn0z8g0rszb8do,1.0,258.0,1275.0,1617.0,0.9957446808510638,0.17041800643086813
125,1,131,12,27,2,White,3,0,Unspecified,Lifestyle,Latex,Condom,Precut,3.65,6,200,20220423_164812.jpg,y,,https://storage.labelbox.com/cl2ceiao35hbj0zahefxyfyll%2Fa9a05f80-d06b-e126-d2d7-0719c1197c25-20220423_164812.jpg?Expires=1662175964350&KeyName=labelbox-assets-key-3&Signature=0mO1XvoavkmSP3vnoY6-tJ_KkJc,cl2hvc46j05va10a3ddd5ccck,1.0,233.0,1276.0,1633.0,0.9957446808510638,0.25080385852090037
126,1,132,13,28,2,White,3,0,Unspecified,Durex,Polyisoprene,Condom,Precut,3.55,1,0,20220423_165244.jpg,y,,https://storage.labelbox.com/cl2ceiao35hbj0zahefxyfyll%2Fa5a297cc-81b7-5c0e-f8bc-1d419d2b7e41-20220423_165244.jpg?Expires=1662175964351&KeyName=labelbox-assets-key-3&Signature=VvyQKmoZaJA2yqJM2_mRoXo_G74,cl2hvciob03sh107h8uw3f3hf,248.0,267.0,1181.0,1480.0,0.0,0.0
127,1,133,13,28,2,White,3,0,Unspecified,Durex,Polyisoprene,Condom,Precut,3.55,2,40,20220423_165251.jpg,y,,https://storage.labelbox.com/cl2ceiao35hbj0zahefxyfyll%2Ff3817b61-28ac-d32b-5e4a-24e45313d42b-20220423_165251.jpg?Expires=1662175964351&KeyName=labelbox-assets-key-3&Signature=9amMwPvgdeBa2Jd_hXyutJZDYd8,cl2hvcrz708mc0z65g8275lk5,96.0,298.0,1256.0,1509.0,0.6129032258064516,-0.11610486891385774
128,1,134,13,28,2,White,3,0,Unspecified,Durex,Polyisoprene,Condom,Precut,3.55,3,80,20220423_165255.jpg,y,,https://storage.labelbox.com/cl2ceiao35hbj0zahefxyfyll%2F8076dcd2-383e-09fd-5d94-167744a2eebb-20220423_165255.jpg?Expires=1662175964351&KeyName=labelbox-assets-key-3&Signature=fZIUXAKz0AdmiXJFehA0b2NzWeA,cl2hvdfyi061b0zar999l03el,53.0,265.0,1278.0,1540.0,0.7862903225806451,0.0074906367041198685
129,1,135,13,28,2,White,3,0,Unspecified,Durex,Polyisoprene,Condom,Precut,3.55,4,120,20220423_165259.jpg,y,,https://storage.labelbox.com/cl2ceiao35hbj0zahefxyfyll%2F0cd91d57-c99b-0ef5-f14e-4822bb440337-20220423_165259.jpg?Expires=1662175964351&KeyName=labelbox-assets-key-3&Signature=4I9rBhxxYEPN6ZsUrZvoeETHUoI,cl2hve1h308v60z65fb1k6xrh,32.0,238.0,1284.0,1563.0,0.8709677419354839,0.10861423220973787
130,1,136,13,28,2,White,3,0,Unspecified,Durex,Polyisoprene,Condom,Precut,3.55,5,160,20220423_165304.jpg,y,,https://storage.labelbox.com/cl2ceiao35hbj0zahefxyfyll%2F03ac4c63-8f06-03c4-04c9-46abbcc6dae7-20220423_165304.jpg?Expires=1662175964352&KeyName=labelbox-assets-key-3&Signature=ohaumG_oRbnxa82AKrTVMXQbPUA,cl2hvemba06t10z9iaxvg1v64,12.0,206.0,1295.0,1593.0,0.9516129032258065,0.22846441947565543
131,1,137,13,28,2,White,3,0,Unspecified,Durex,Polyisoprene,Condom,Precut,3.55,6,200,20220423_165310.jpg,y,,https://storage.labelbox.com/cl2ceiao35hbj0zahefxyfyll%2F31a1f263-8d08-741a-01d2-2d4a21356e54-20220423_165310.jpg?Expires=1662175964352&KeyName=labelbox-assets-key-3&Signature=VUlc0l0uABt1akGa2Wn0PcJUyz8,cl2hvevjl06vf0z9ighgff2hr,5.0,184.0,1299.0,1615.0,0.9798387096774194,0.31086142322097376
132,1,138,14,29,2,White,3,0,Unspecified,Skyn,Polyisoprene,Condom,Precut,3.75,1,0,20220423_165610.jpg,y,,https://storage.labelbox.com/cl2ceiao35hbj0zahefxyfyll%2Fb6e9f6fa-a67a-f53a-4f20-322deadf827e-20220423_165610.jpg?Expires=1662175964353&KeyName=labelbox-assets-key-3&Signature=-JIywI-7YrnA3VZVLOYeQGauDtI,cl2hvf73b06qb108t0s0ogxqg,264.0,343.0,1240.0,1529.0,0.0,0.0
133,1,139,14,29,2,White,3,0,Unspecified,Skyn,Polyisoprene,Condom,Precut,3.75,2,40,20220423_165616.jpg,y,,https://storage.labelbox.com/cl2ceiao35hbj0zahefxyfyll%2F7e9deb93-bb31-34f7-6336-76afbff86bcb-20220423_165616.jpg?Expires=1662175964353&KeyName=labelbox-assets-key-3&Signature=bP7KxtctoEBHxo4HApS8Yj3osQo,cl2hvfhex06f10zar0s5qd0rh,76.0,362.0,1341.0,1550.0,0.7121212121212122,-0.055393586005831
134,1,140,14,29,2,White,3,0,Unspecified,Skyn,Polyisoprene,Condom,Precut,3.75,3,80,20220423_165621.jpg,y,,https://storage.labelbox.com/cl2ceiao35hbj0zahefxyfyll%2Fcef22ac7-9fda-6049-481a-8d5d37fbbc6a-20220423_165621.jpg?Expires=1662175964353&KeyName=labelbox-assets-key-3&Signature=j8Q5fdfagO7W2kRwciU5C9MsE04,cl2hvg7de06x9108td7kx33q9,18.0,319.0,1376.0,1589.0,0.9318181818181819,0.06997084548104959
135,1,141,14,29,2,White,3,0,Unspecified,Skyn,Polyisoprene,Condom,Precut,3.75,4,120,20220423_165625.jpg,y,,https://storage.labelbox.com/cl2ceiao35hbj0zahefxyfyll%2Fb9da67f3-0a20-63a7-13dd-e3ecb4a64a56-20220423_165625.jpg?Expires=1662175964353&KeyName=labelbox-assets-key-3&Signature=VRG2QIGw_V25ksMHnZg8D9Jhqh0,cl2hvgjjo078h0z9ihkr18piu,1.0,292.0,1383.0,1616.0,0.9962121212121212,0.14868804664723034
136,1,142,14,29,2,White,3,0,Unspecified,Skyn,Polyisoprene,Condom,Precut,3.75,5,160,20220423_165629.jpg,y,,https://storage.labelbox.com/cl2ceiao35hbj0zahefxyfyll%2Fcc57a806-6e6d-82db-b121-903f97d2dfde-20220423_165629.jpg?Expires=1662175964353&KeyName=labelbox-assets-key-3&Signature=ba5F05lm95etG6VChnSQaSUNGMU,cl2hvgruf06sy0z831xiqfgw3,1.0,267.0,1389.0,1638.0,0.9962121212121212,0.22157434402332365
137,1,143,14,29,2,White,3,0,Unspecified,Skyn,Polyisoprene,Condom,Precut,3.75,6,200,20220423_165633.jpg,y,,https://storage.labelbox.com/cl2ceiao35hbj0zahefxyfyll%2F1264da73-4660-f5ec-85c0-5f9ad97aa01f-20220423_165633.jpg?Expires=1662175964354&KeyName=labelbox-assets-key-3&Signature=BHL6U60Ckbx7EIV0mhUMudenhHs,cl2hvh0lw06u90z831y1v3qvx,1.0,247.0,1389.0,1661.0,0.9962121212121212,0.27988338192419826
138,1,144,11,30,3,White,3,0,Unspecified,Trojan,Latex,Condom,Precut,3.55,1,0,20220423_170129.jpg,y,,https://storage.labelbox.com/cl2ceiao35hbj0zahefxyfyll%2F9de27e49-f980-0655-66fa-6e9505705155-20220423_170129.jpg?Expires=1662175964354&KeyName=labelbox-assets-key-3&Signature=u-rheKfUDGnIus6iiNOPi-jrlfo,cl2hvh9s306y110a318kvcf40,253.0,361.0,1150.0,1646.0,0.0,0.0
139,1,145,11,30,3,White,3,0,Unspecified,Trojan,Latex,Condom,Precut,3.55,2,40,20220423_170139.jpg,y,,https://storage.labelbox.com/cl2ceiao35hbj0zahefxyfyll%2F0871f352-2f71-d004-5fb1-16a6d555018c-20220423_170139.jpg?Expires=1662175964354&KeyName=labelbox-assets-key-3&Signature=y4uPZao9CEmWaSEWGAoFCjMvGI4,cl2hvhild07690z8ghe2yepia,70.0,373.0,1241.0,1673.0,0.7233201581027668,-0.0332409972299168
140,1,146,11,30,3,White,3,0,Unspecified,Trojan,Latex,Condom,Precut,3.55,3,80,20220423_170144.jpg,y,,https://storage.labelbox.com/cl2ceiao35hbj0zahefxyfyll%2F21c4bf70-3f98-0754-3dac-cc7143758d7e-20220423_170144.jpg?Expires=1662175964354&KeyName=labelbox-assets-key-3&Signature=-HT-InmeVw7AMMnbz6HbZP1fuDQ,cl2hvhyr407id0z9iblmha9op,31.0,342.0,1261.0,1705.0,0.8774703557312253,0.052631578947368474
141,1,147,11,30,3,White,3,0,Unspecified,Trojan,Latex,Condom,Precut,3.55,4,120,20220423_170149.jpg,y,,https://storage.labelbox.com/cl2ceiao35hbj0zahefxyfyll%2F0b82f837-7c26-44f2-5554-9f7f80d5955e-20220423_170149.jpg?Expires=1662175964354&KeyName=labelbox-assets-key-3&Signature=fQK6S6rF2D4g7LyYGULiR1xccZA,cl2hvi8b807jo0z9i2s9n4tf5,6.0,317.0,1275.0,1728.0,0.9762845849802372,0.12188365650969524
142,1,148,11,30,3,White,3,0,Unspecified,Trojan,Latex,Condom,Precut,3.55,5,160,20220423_170154.jpg,y,,https://storage.labelbox.com/cl2ceiao35hbj0zahefxyfyll%2F8bf55427-7163-81ed-29f5-e713c00c7f8c-20220423_170154.jpg?Expires=1662175964355&KeyName=labelbox-assets-key-3&Signature=YVcHfSojqs_GXL18CGgyPayDj00,cl2hviitx07mn0z9ibzc804gt,1.0,297.0,1273.0,1755.0,0.9960474308300395,0.17728531855955676
143,1,149,11,30,3,White,3,0,Unspecified,Trojan,Latex,Condom,Precut,3.55,6,200,20220423_170209.jpg,y,,https://storage.labelbox.com/cl2ceiao35hbj0zahefxyfyll%2Fc604480e-fbd4-45e2-17e7-de39288d409d-20220423_170209.jpg?Expires=1662175964355&KeyName=labelbox-assets-key-3&Signature=2tLnemRvjaX0VaRk_lNf_IHNT54,cl2hvldxh07r910a34hpx1ggf,1.0,267.0,1274.0,1779.0,0.9960474308300395,0.260387811634349
144,1,150,12,31,3,White,3,0,Unspecified,Lifestyle,Latex,Condom,Precut,3.65,1,0,20220423_170506.jpg,y,,https://storage.labelbox.com/cl2ceiao35hbj0zahefxyfyll%2F24864b2c-a889-795c-cfed-52b3badabbe0-20220423_170506.jpg?Expires=1662175964355&KeyName=labelbox-assets-key-3&Signature=GYV8rJW1qC_7vLowUFS5G1N23KE,cl2hvlp5t08720z9i5l9z0tnf,236.0,345.0,1192.0,1666.0,0.0,0.0
145,1,151,12,31,3,White,3,0,Unspecified,Lifestyle,Latex,Condom,Precut,3.65,2,40,20220423_170511.jpg,y,,https://storage.labelbox.com/cl2ceiao35hbj0zahefxyfyll%2F6c222c6e-dd54-5f0f-3343-b3f0080ea801-20220423_170511.jpg?Expires=1662175964356&KeyName=labelbox-assets-key-3&Signature=rt9X3IQKV3ULclUtCjsErcEX5hY,cl2hvlxmp0adh0z65hlu8h9yb,90.0,355.0,1263.0,1690.0,0.6186440677966102,-0.02898550724637672
146,1,152,12,31,3,White,3,0,Unspecified,Lifestyle,Latex,Condom,Precut,3.65,3,80,20220423_170516.jpg,y,,https://storage.labelbox.com/cl2ceiao35hbj0zahefxyfyll%2F4ea2e361-abc5-6510-3aaa-6ffa5d073a07-20220423_170516.jpg?Expires=1662175964356&KeyName=labelbox-assets-key-3&Signature=vq3YmlEgtHQftRWhMSWuUWWug6s,cl2hvmj3l08js0z9ihrcz159f,38.0,336.0,1285.0,1725.0,0.8389830508474576,0.02608695652173909
147,1,153,12,31,3,White,3,0,Unspecified,Lifestyle,Latex,Condom,Precut,3.65,4,120,20220423_170520.jpg,y,,https://storage.labelbox.com/cl2ceiao35hbj0zahefxyfyll%2F36d59a6e-01f7-477f-13a8-5fca6dbf1826-20220423_170520.jpg?Expires=1662175964356&KeyName=labelbox-assets-key-3&Signature=kyo6PIXsyXr9al8FPUGz0f4zxZ8,cl2hvmtqv082c0zaraluw5ud9,22.0,301.0,1292.0,1747.0,0.9067796610169492,0.12753623188405794
148,1,154,12,31,3,White,3,0,Unspecified,Lifestyle,Latex,Condom,Precut,3.65,5,160,20220423_170525.jpg,y,,https://storage.labelbox.com/cl2ceiao35hbj0zahefxyfyll%2Fb5c5dfcf-4196-c6e6-7acd-8202c81f72ec-20220423_170525.jpg?Expires=1662175964356&KeyName=labelbox-assets-key-3&Signature=9tMN5U9yR3ESY7f3-CErMU_YCfg,cl2hvnaar0als0z651qp70sbv,4.0,270.0,1300.0,1771.0,0.9830508474576272,0.21739130434782605
149,1,155,12,31,3,White,3,0,Unspecified,Lifestyle,Latex,Condom,Precut,3.65,6,200,20220423_170530.jpg,y,,https://storage.labelbox.com/cl2ceiao35hbj0zahefxyfyll%2F7cec1fe3-6a3f-0561-ae3e-cf48153222cf-20220423_170530.jpg?Expires=1662175964357&KeyName=labelbox-assets-key-3&Signature=79lRKk3_QAKrviE7yxne-4fJTsU,cl2hvni0c0any0z65e50k3lm3,1.0,257.0,1304.0,1788.0,0.9957627118644068,0.255072463768116
150,1,156,13,32,3,White,3,0,Unspecified,Durex,Polyisoprene,Condom,Precut,3.6,1,0,20220423_170850.jpg,y,,https://storage.labelbox.com/cl2ceiao35hbj0zahefxyfyll%2Fa3aca846-182b-9ce3-2619-f277bd849f60-20220423_170850.jpg?Expires=1662175964357&KeyName=labelbox-assets-key-3&Signature=3sYRxRlPLMEy4U0gbdd9EVmaobM,cl2hvnv0g08ur0z9i8xj772s2,240.0,355.0,1299.0,1662.0,0.0,0.0
151,1,157,13,32,3,White,3,0,Unspecified,Durex,Polyisoprene,Condom,Precut,3.6,2,40,20220423_170858.jpg,y,,https://storage.labelbox.com/cl2ceiao35hbj0zahefxyfyll%2F6665a7af-7cf8-8f45-5bd2-445d5622597a-20220423_170858.jpg?Expires=1662175964357&KeyName=labelbox-assets-key-3&Signature=HpssUVuNbTVS-9snTXGnfkxgP-Q,cl2hvoaky061a107h78au0gf8,104.0,359.0,1367.0,1694.0,0.5666666666666667,-0.011267605633802802
152,1,158,13,32,3,White,3,0,Unspecified,Durex,Polyisoprene,Condom,Precut,3.6,3,80,20220423_170903.jpg,y,,https://storage.labelbox.com/cl2ceiao35hbj0zahefxyfyll%2F36e496f2-17a5-7adc-6b41-858770af3bb6-20220423_170903.jpg?Expires=1662175964357&KeyName=labelbox-assets-key-3&Signature=c13eSHSfDdxO6xqcLEs2vcp-l4A,cl2hvojjo08po108t4rlaf6ko,54.0,333.0,1387.0,1721.0,0.775,0.06197183098591552
153,1,159,13,32,3,White,3,0,Unspecified,Durex,Polyisoprene,Condom,Precut,3.6,4,120,20220423_170906.jpg,y,,https://storage.labelbox.com/cl2ceiao35hbj0zahefxyfyll%2F53f891dd-bc3b-6a7a-0b24-b9998e2fd6d7-20220423_170906.jpg?Expires=1662175964357&KeyName=labelbox-assets-key-3&Signature=TMBOf2F3E-clhb6fApyiBynXR9I,cl2hvot5s08ev0zar9xczh9tv,29.0,311.0,1398.0,1745.0,0.8791666666666667,0.12394366197183093
154,1,160,13,32,3,White,3,0,Unspecified,Durex,Polyisoprene,Condom,Precut,3.6,5,160,20220423_170911.jpg,y,,https://storage.labelbox.com/cl2ceiao35hbj0zahefxyfyll%2Fe8893546-525a-9db4-b33c-d1d5ae6d4e32-20220423_170911.jpg?Expires=1662175964357&KeyName=labelbox-assets-key-3&Signature=4qsixpnwcCV9u6BKp3ccM3e00Js,cl2hvp3mn093o0z9iahp95cet,8.0,287.0,1411.0,1767.0,0.9666666666666667,0.19154929577464785
155,1,161,13,32,3,White,3,0,Unspecified,Durex,Polyisoprene,Condom,Precut,3.6,6,200,20220423_170916.jpg,y,,https://storage.labelbox.com/cl2ceiao35hbj0zahefxyfyll%2F1b2f7292-e9e5-2ef2-c773-77e6bbbebc46-20220423_170916.jpg?Expires=1662175964358&KeyName=labelbox-assets-key-3&Signature=Kk46dgm1MaY2T-hcQOsIkYpotYw,cl2hvpcd3095v0z9igcqr1yxt,1.0,271.0,1414.0,1786.0,0.9958333333333333,0.23661971830985917
156,1,162,14,33,3,White,3,0,Unspecified,Skyn,Polyisoprene,Condom,Precut,3.6,1,0,20220423_171223.jpg,y,,https://storage.labelbox.com/cl2ceiao35hbj0zahefxyfyll%2Fe520c622-fb53-f0ca-5632-a6835da404b4-20220423_171223.jpg?Expires=1662175964358&KeyName=labelbox-assets-key-3&Signature=Ozdi5koh-bNjHTsaqfEO4TdmykQ,cl2hvplix0b3k0z65elmc8p8b,256.0,326.0,1288.0,1682.0,0.0,0.0
157,1,163,14,33,3,White,3,0,Unspecified,Skyn,Polyisoprene,Condom,Precut,3.6,2,40,20220423_171227.jpg,y,,https://storage.labelbox.com/cl2ceiao35hbj0zahefxyfyll%2F94560e1c-45cd-1d2f-7547-b566e5705a52-20220423_171227.jpg?Expires=1662175964361&KeyName=labelbox-assets-key-3&Signature=2ju5-lD3-bOlWdO9oo_H6UM0ZBY,cl2hvqan008mz0z8g8z3cfk6l,178.0,330.0,1312.0,1700.0,0.3046875,-0.012269938650306678
158,1,164,14,33,3,White,3,0,Unspecified,Skyn,Polyisoprene,Condom,Precut,3.6,3,80,20220423_171232.jpg,y,,https://storage.labelbox.com/cl2ceiao35hbj0zahefxyfyll%2F10a0b7bb-8dcf-0d57-b5e5-b2378978d1a0-20220423_171232.jpg?Expires=1662175964362&KeyName=labelbox-assets-key-3&Signature=WU4Ap8BT4UqfQCbyLJZW1_6kiQU,cl2hvqmsa08pm0z8g02h5gra1,86.0,313.0,1370.0,1744.0,0.6640625,0.039877300613496924
159,1,165,14,33,3,White,3,0,Unspecified,Skyn,Polyisoprene,Condom,Precut,3.6,4,120,20220423_171238.jpg,y,,https://storage.labelbox.com/cl2ceiao35hbj0zahefxyfyll%2Fa650951d-77ab-a6e4-951e-acb0934c35db-20220423_171238.jpg?Expires=1662175964362&KeyName=labelbox-assets-key-3&Signature=Tty0M0_cSiizXpRteXeuozryfUU,cl2hvqwe409dr0z9i7wplag54,42.0,291.0,1405.0,1769.0,0.8359375,0.1073619631901841
160,1,166,14,33,3,White,3,0,Unspecified,Skyn,Polyisoprene,Condom,Precut,3.6,5,160,20220423_171243.jpg,y,,https://storage.labelbox.com/cl2ceiao35hbj0zahefxyfyll%2F53063675-f44e-02f1-aa00-3083ebc3da3a-20220423_171243.jpg?Expires=1662175964362&KeyName=labelbox-assets-key-3&Signature=fk5yqY_ALq70RBy1iY5WZvHiqvE,cl2hvrant08rl0z8320xp6o36,10.0,274.0,1430.0,1786.0,0.9609375,0.1595092024539877
161,1,167,14,33,3,White,3,0,Unspecified,Skyn,Polyisoprene,Condom,Precut,3.6,6,200,20220423_171249.jpg,y,,https://storage.labelbox.com/cl2ceiao35hbj0zahefxyfyll%2F736745ab-fc32-2bef-b544-d2ac1019e0e0-20220423_171249.jpg?Expires=1662175964362&KeyName=labelbox-assets-key-3&Signature=279ovoICL5fTZ3rZF2phz5CoZaI,cl2hvrohr0bkx0z65gmoyep1i,1.0,252.0,1432.0,1806.0,0.99609375,0.22699386503067487
162,1,168,15,34,1,White,3,0,None,None,None,None,None,4.1,1,0,20220423_171651.jpg,y,,https://storage.labelbox.com/cl2ceiao35hbj0zahefxyfyll%2Fffeac1ac-5db1-58e3-50f9-5147b35180c9-20220423_171651.jpg?Expires=1662175964363&KeyName=labelbox-assets-key-3&Signature=IqiPwsrqFxCgH0nu5X_VwRYP6_g,cl2hvsiia090710a34p2m861g,300.0,128.0,1117.0,1811.0,0.0,0.0
163,1,169,15,34,1,White,3,0,None,None,None,None,None,4.1,2,40,20220423_171658.jpg,y,,https://storage.labelbox.com/cl2ceiao35hbj0zahefxyfyll%2F900dedc1-6274-3f26-4f29-36cf28b36ec0-20220423_171658.jpg?Expires=1662175964363&KeyName=labelbox-assets-key-3&Signature=HfHxcYDLXbLj2R22YpiPvQWRUnc,cl2hvt1sk06ql107hcoe47x1l,50.0,396.0,1252.0,1652.0,0.8333333333333334,-2.09375
164,1,170,15,34,1,White,3,0,None,None,None,None,None,4.1,3,80,20220423_171704.jpg,y,,https://storage.labelbox.com/cl2ceiao35hbj0zahefxyfyll%2F8fef57ec-7b04-c773-4331-bd901fb48bd6-20220423_171704.jpg?Expires=1662175964363&KeyName=labelbox-assets-key-3&Signature=ACAXR1EnL8hSSkXbktd-VtgNLLU,cl2hvufri09eh10a34jpd2d1y,12.0,362.0,1272.0,1687.0,0.96,-1.828125
165,1,171,15,34,1,White,3,0,None,None,None,None,None,4.1,4,120,20220423_171707.jpg,y,,https://storage.labelbox.com/cl2ceiao35hbj0zahefxyfyll%2F8571bb4e-ec87-c97f-7356-fabdc29d513f-20220423_171707.jpg?Expires=1662175964363&KeyName=labelbox-assets-key-3&Signature=AEQsji4Il4MTa0NhtJrKqORGeIk,cl2hvuphf09hn0z83dpab6phz,1.0,343.0,1276.0,1711.0,0.9966666666666667,-1.6796875
166,1,172,15,34,1,White,3,0,None,None,None,None,None,4.1,5,160,20220423_171712.jpg,y,,https://storage.labelbox.com/cl2ceiao35hbj0zahefxyfyll%2F54e552ad-6f8c-9368-ba52-404051c8da1a-20220423_171712.jpg?Expires=1662175964363&KeyName=labelbox-assets-key-3&Signature=rEyxDQOGqtMX_gvNAFjnqowEGtI,cl2hvuxki0a9h0z9iele287wt,1.0,313.0,1270.0,1734.0,0.9966666666666667,-1.4453125
167,1,173,15,34,1,White,3,0,None,None,None,None,None,4.1,6,200,20220423_171717.jpg,y,,https://storage.labelbox.com/cl2ceiao35hbj0zahefxyfyll%2Feb8deaca-3c2b-4c75-accd-7efe7bb10039-20220423_171717.jpg?Expires=1662175964364&KeyName=labelbox-assets-key-3&Signature=w6wVOmuZm25lxZ1lSrAySnvZ7tg,cl2hvv4no09kg0zar0hegcpnn,1.0,295.0,1274.0,1756.0,0.9966666666666667,-1.3046875
168,1,174,16,35,2,White,3,0,None,None,None,None,None,4.1,1,0,20220423_172107.jpg,y,,https://storage.labelbox.com/cl2ceiao35hbj0zahefxyfyll%2Fc6459609-3dab-20d5-4264-2ffb7b998d74-20220423_172107.jpg?Expires=1662175964364&KeyName=labelbox-assets-key-3&Signature=SYrGIKeOPHM2lThzdKFLirlLSys,cl2hvvck407bp107h6re6gque,314.0,348.0,1187.0,1661.0,0.0,0.0
169,1,175,16,35,2,White,3,0,None,None,None,None,None,4.1,2,40,20220423_172114.jpg,y,,https://storage.labelbox.com/cl2ceiao35hbj0zahefxyfyll%2F36de3080-2cbb-c24b-3aec-3224ea94f959-20220423_172114.jpg?Expires=1662175964364&KeyName=labelbox-assets-key-3&Signature=iyKrKo6k8I9lvMokcoYIt2WdTwE,cl2hvvj4609x6108tezav04j7,146.0,394.0,1251.0,1656.0,0.535031847133758,-0.13218390804597702
170,1,176,16,35,2,White,3,0,None,None,None,None,None,4.1,3,80,20220423_172118.jpg,y,,https://storage.labelbox.com/cl2ceiao35hbj0zahefxyfyll%2F712a1331-8310-3e94-9b94-99731e3305b3-20220423_172118.jpg?Expires=1662175964364&KeyName=labelbox-assets-key-3&Signature=FvOTd8aXSUBTYP0PaI5TFEXfITc,cl2hvvv2f0ah90z9i1e4xg51o,64.0,356.0,1293.0,1697.0,0.7961783439490446,-0.02298850574712641
171,1,177,16,35,2,White,3,0,None,None,None,None,None,4.1,4,120,20220423_172122.jpg,y,,https://storage.labelbox.com/cl2ceiao35hbj0zahefxyfyll%2F55f19f35-e412-9cf1-fa36-9bd217b9fd22-20220423_172122.jpg?Expires=1662175964365&KeyName=labelbox-assets-key-3&Signature=RPkyxVoxFz87gtU-mOQxNTbPyzo,cl2hvw6880ait0z9iaysg7bkr,39.0,333.0,1302.0,1722.0,0.8757961783439491,0.0431034482758621
172,1,178,16,35,2,White,3,0,None,None,None,None,None,4.1,5,160,20220423_172127.jpg,y,,https://storage.labelbox.com/cl2ceiao35hbj0zahefxyfyll%2F3e2683b8-ec61-9727-3b8b-f02554d1e4c3-20220423_172127.jpg?Expires=1662175964365&KeyName=labelbox-assets-key-3&Signature=wEUH6iVrUpZj-cN09lEGuTFL2Sc,cl2hvwegv07ij107h4ny1gr45,21.0,309.0,1310.0,1748.0,0.9331210191082803,0.11206896551724133
173,1,179,16,35,2,White,3,0,None,None,None,None,None,4.1,6,200,20220423_172131.jpg,y,,https://storage.labelbox.com/cl2ceiao35hbj0zahefxyfyll%2Fd5198006-a46f-e29b-2fd5-5f4ee109599b-20220423_172131.jpg?Expires=1662175964365&KeyName=labelbox-assets-key-3&Signature=r0xO03ZmdPHhFlpGMcgIkhocJFM,cl2hvwne20ck20z65cvt9gjyo,9.0,288.0,1315.0,1766.0,0.9713375796178344,0.1724137931034483
174,1,180,17,36,3,White,3,0,None,None,None,None,None,4.1,1,0,20220423_172231.jpg,y,,https://storage.labelbox.com/cl2ceiao35hbj0zahefxyfyll%2F9283ccee-e4d7-a947-e445-b82b68fdcaae-20220423_172231.jpg?Expires=1662175964365&KeyName=labelbox-assets-key-3&Signature=cppByVBuvBZGq18AgqbGRF3kXuM,cl2hvwvxw0a0n0z838em48oft,260.0,386.0,1198.0,1633.0,0.0,0.0
175,1,186,18,37,3,White,5,0,None,None,None,None,None,5.4,1,0,20220423_172231.jpg,y,,https://storage.labelbox.com/cl2ceiao35hbj0zahefxyfyll%2F9283ccee-e4d7-a947-e445-b82b68fdcaae-20220423_172231.jpg?Expires=1662175964365&KeyName=labelbox-assets-key-3&Signature=cppByVBuvBZGq18AgqbGRF3kXuM,cl2hvwvxw0a0n0z838em48oft,260.0,386.0,1198.0,1633.0,0.0,0.0
176,1,181,17,36,3,White,3,0,None,None,None,None,None,4.1,2,40,20220423_172235.jpg,y,,https://storage.labelbox.com/cl2ceiao35hbj0zahefxyfyll%2Fa022c2da-c3e7-3c7d-5906-1398d2bd22e3-20220423_172235.jpg?Expires=1662175964366&KeyName=labelbox-assets-key-3&Signature=JKimrVy3AH5tGLyKGu1hF1lsqhU,cl2hvx3u007nd107h64biho7u,100.0,392.0,1274.0,1665.0,0.6153846153846154,-0.015544041450777257
177,1,182,17,36,3,White,3,0,None,None,None,None,None,4.1,3,80,20220423_172239.jpg,y,,https://storage.labelbox.com/cl2ceiao35hbj0zahefxyfyll%2F9ef9d622-e54c-a384-29a5-4a30e48af4be-20220423_172239.jpg?Expires=1662175964366&KeyName=labelbox-assets-key-3&Signature=6D01om_VXD40u_T6iRigUZsyoNM,cl2hvxqgj0a450z8304rfe8au,58.0,364.0,1296.0,1694.0,0.7769230769230769,0.05699481865284972
178,1,183,17,36,3,White,3,0,None,None,None,None,None,4.1,4,120,20220423_172242.jpg,y,,https://storage.labelbox.com/cl2ceiao35hbj0zahefxyfyll%2F9a6ff8ee-19c8-833f-f1e2-0d4d5563652a-20220423_172242.jpg?Expires=1662175964366&KeyName=labelbox-assets-key-3&Signature=_UXPR32JWJXQ0lzlZCqNM315HbI,cl2hvy0dw0a1j0zard6uo47jm,30.0,335.0,1312.0,1724.0,0.8846153846153846,0.13212435233160624
179,1,184,17,36,3,White,3,0,None,None,None,None,None,4.1,5,160,20220423_172246.jpg,y,,https://storage.labelbox.com/cl2ceiao35hbj0zahefxyfyll%2F69d3267e-b6d9-31f9-5cf8-963ef4132e70-20220423_172246.jpg?Expires=1662175964366&KeyName=labelbox-assets-key-3&Signature=-dH2Da7YFOXuQBbVqm1J_r7LcJo,cl2hvyahh0a7s0z83elgpcx57,19.0,307.0,1317.0,1747.0,0.926923076923077,0.2046632124352331
180,1,185,17,36,3,White,3,0,None,None,None,None,None,4.1,6,200,20220423_172250.jpg,y,,https://storage.labelbox.com/cl2ceiao35hbj0zahefxyfyll%2Fb95ae938-d4e8-0f5d-a2dd-d0d8d519db4d-20220423_172250.jpg?Expires=1662175964367&KeyName=labelbox-assets-key-3&Signature=qoUyyFwQMC0_8KyUck23n66TE-g,cl2hvyiha0a490zar6b9r6szq,4.0,272.0,1323.0,1774.0,0.9846153846153847,0.2953367875647669
181,2,9,19,39,1,White,5,0,M,STRONG-Blue,Nitrile,Glove,Middle,2.8,1,0,20220802_093014.jpg,y,T1 white spec redo,https://storage.labelbox.com/cl2ceiao35hbj0zahefxyfyll%2Fd933b9f9-a83d-07d2-f466-6de1325672d7-20220802_093014.jpg?Expires=1662175964373&KeyName=labelbox-assets-key-3&Signature=n14Vjny3zAq_3QC4KpPvoM-Arhk,cl71azzxj88qh070r9ikabla5,192.0,241.0,1699.0,1307.0,0.0,0.0
182,2,10,19,39,1,White,5,0,M,STRONG-Blue,Nitrile,Glove,Middle,2.8,2,20,20220802_093020.jpg,y,,https://storage.labelbox.com/cl2ceiao35hbj0zahefxyfyll%2F3c33b84a-0902-28ac-4260-e1c176ed72a8-20220802_093020.jpg?Expires=1662175964381&KeyName=labelbox-assets-key-3&Signature=gOzCRp1ubO9x79HvpKoBFIefq7A,cl71biqy38av1073o1txkf4id,242.0,220.0,1659.0,1315.0,-0.26041666666666674,0.08713692946058094
183,2,11,19,39,1,White,5,0,M,STRONG-Blue,Nitrile,Glove,Middle,2.8,3,40,20220802_093023.jpg,y,,https://storage.labelbox.com/cl2ceiao35hbj0zahefxyfyll%2Fd12e9b97-5be5-e402-2821-33ffab0c0386-20220802_093023.jpg?Expires=1662175964381&KeyName=labelbox-assets-key-3&Signature=AaBlBW4ti22d1WzQUHxGwGh11xc,cl71bn5g47tfv0820hoa1glas,219.0,149.0,1683.0,1356.0,-0.140625,0.3817427385892116
184,2,12,19,39,1,White,5,0,M,STRONG-Blue,Nitrile,Glove,Middle,2.8,4,60,20220802_093027.jpg,y,,https://storage.labelbox.com/cl2ceiao35hbj0zahefxyfyll%2F485b2429-c18d-b47a-b9d1-ed502fb17656-20220802_093027.jpg?Expires=1662175964379&KeyName=labelbox-assets-key-3&Signature=UIuK7z7ImrzLCtavJAMOaHpc0Hk,cl71b4jmt7gk9071v1unqaee0,206.0,115.0,1689.0,1372.0,-0.07291666666666674,0.5228215767634854
185,2,13,19,39,1,White,5,0,M,STRONG-Blue,Nitrile,Glove,Middle,2.8,5,80,20220802_093032.jpg,y,,https://storage.labelbox.com/cl2ceiao35hbj0zahefxyfyll%2Fa8a8ae75-40b0-797a-9aeb-64a2ec7c15b0-20220802_093032.jpg?Expires=1662175964380&KeyName=labelbox-assets-key-3&Signature=p2oeI3qCDcPpSpL9lVhh6bDp8TU,cl71bdg7r7753071v94rqax5n,224.0,95.0,1665.0,1381.0,-0.16666666666666674,0.6058091286307055
186,2,14,19,39,1,White,5,0,M,STRONG-Blue,Nitrile,Glove,Middle,2.8,6,120,20220802_093036.jpg,y,,https://storage.labelbox.com/cl2ceiao35hbj0zahefxyfyll%2F84b1f73b-134e-dbf6-c365-9076ee3f6c09-20220802_093036.jpg?Expires=1662175964381&KeyName=labelbox-assets-key-3&Signature=iQqQNIkULdAyFoPuM__wyjvOC6Y,cl71bjh168irx072e35ji1hqx,192.0,71.0,1696.0,1392.0,0.0,0.7053941908713692
187,2,15,19,39,1,White,5,0,M,STRONG-Blue,Nitrile,Glove,Middle,2.8,7,160,20220802_093040.jpg,y,,https://storage.labelbox.com/cl2ceiao35hbj0zahefxyfyll%2Feae7f8a6-cbe1-fa7e-5cf4-5561a0a8d786-20220802_093040.jpg?Expires=1662175964388&KeyName=labelbox-assets-key-3&Signature=LIKwZDPgU5vxYEph_UrCKslhrV0,cl71c25jd7k4k071v3rqud7ci,192.0,47.0,1693.0,1403.0,0.0,0.8049792531120332
188,2,16,19,39,1,White,5,0,M,STRONG-Blue,Nitrile,Glove,Middle,2.8,8,200,20220802_093045.jpg,y,,https://storage.labelbox.com/cl2ceiao35hbj0zahefxyfyll%2Fb522e5b6-1491-7ec6-7ac3-8d43c69d93d1-20220802_093045.jpg?Expires=1662175964383&KeyName=labelbox-assets-key-3&Signature=K5Ksdqa-MCMKF-LpC6lGvoIUyFA,cl71bsb6v7u0b0820ekqy43e0,178.0,35.0,1702.0,1407.0,0.07291666666666663,0.8547717842323651
189,2,17,20,40,1,Blue,5,0,M,STRONG-Blue,Nitrile,Glove,Middle,2.5,1,0,20220802_100531.jpg,y,T1 blue spec,https://storage.labelbox.com/cl2ceiao35hbj0zahefxyfyll%2F1c0fa5b1-019f-e280-320c-c28f948c5e99-20220802_100531.jpg?Expires=1662175964372&KeyName=labelbox-assets-key-3&Signature=-Gw9JbU2orx6nNkxBXX5eHwLToo,cl71aw8nd88ce070r9bqvc6nm,284.0,434.0,1257.0,1043.0,0.0,0.0
190,2,18,20,40,1,Blue,5,0,M,STRONG-Blue,Nitrile,Glove,Middle,2.5,2,20,20220802_100546.jpg,y,,https://storage.labelbox.com/cl2ceiao35hbj0zahefxyfyll%2Fc1e84e51-2ff4-7b23-e70e-4b6e43bfe129-20220802_100546.jpg?Expires=1662175964367&KeyName=labelbox-assets-key-3&Signature=5iRts8Q0jNue03NUgGpGbxs8dO0,cl71a95bg86td071wd6poewn6,283.0,403.0,1200.0,1065.0,0.0035211267605633756,0.0714285714285714
191,2,19,20,40,1,Blue,5,0,M,STRONG-Blue,Nitrile,Glove,Middle,2.5,3,40,20220802_100550.jpg,y,,https://storage.labelbox.com/cl2ceiao35hbj0zahefxyfyll%2F64bfa0a3-dd80-506a-26e9-e8519044f3bd-20220802_100550.jpg?Expires=1662175964368&KeyName=labelbox-assets-key-3&Signature=lMqOxXIsqp5BC471CuVnGnaZN9A,cl71agl218ezz072e1z6cffav,265.0,369.0,1216.0,1081.0,0.06690140845070425,0.14976958525345618
192,2,20,20,40,1,Blue,5,0,M,STRONG-Blue,Nitrile,Glove,Middle,2.5,4,60,20220802_100554.jpg,y,,https://storage.labelbox.com/cl2ceiao35hbj0zahefxyfyll%2F599dfc3e-78a5-a061-4df0-7734adc1d3cc-20220802_100554.jpg?Expires=1662175964370&KeyName=labelbox-assets-key-3&Signature=mWbRGMfUPCK5Ea3ZrBounglGaNY,cl71aq03v7q4z0820fyulap6c,233.0,340.0,1244.0,1096.0,0.17957746478873238,0.21658986175115202
193,2,21,20,40,1,Blue,5,0,M,STRONG-Blue,Nitrile,Glove,Middle,2.5,5,80,20220802_100559.jpg,y,,https://storage.labelbox.com/cl2ceiao35hbj0zahefxyfyll%2Fbd078063-f2ea-6136-78b4-34bae5ed165f-20220802_100559.jpg?Expires=1662175964383&KeyName=labelbox-assets-key-3&Signature=lDFAbk46_f1thdm-N77Gsv7aItQ,cl71bu62q7vl2074g5bovcmdg,204.0,320.0,1271.0,1106.0,0.2816901408450704,0.2626728110599078
194,2,22,20,40,1,Blue,5,0,M,STRONG-Blue,Nitrile,Glove,Middle,2.5,6,120,20220802_100602.jpg,y,,https://storage.labelbox.com/cl2ceiao35hbj0zahefxyfyll%2F4daf90a1-8f4b-7f77-4c3c-11aa179325e3-20220802_100602.jpg?Expires=1662175964384&KeyName=labelbox-assets-key-3&Signature=NoT12q5rikCfL6JMY_kZmvZh0aU,cl71bxa9o8vrw0738bmgs3hxw,154.0,298.0,1312.0,1120.0,0.4577464788732394,0.31336405529953915
195,2,23,20,40,1,Blue,5,0,M,STRONG-Blue,Nitrile,Glove,Middle,2.5,7,160,20220802_100609.jpg,y,,https://storage.labelbox.com/cl2ceiao35hbj0zahefxyfyll%2F33a20091-cf0b-36dd-88cf-37b746e66f69-20220802_100609.jpg?Expires=1662175964372&KeyName=labelbox-assets-key-3&Signature=Tm1qPWEdP8GuQ6BmfJtoKUXv9RE,cl71au3ti758y071vgpzs6maz,116.0,285.0,1347.0,1129.0,0.5915492957746479,0.3433179723502304
196,2,24,20,40,1,Blue,5,0,M,STRONG-Blue,Nitrile,Glove,Middle,2.5,8,200,20220802_100614.jpg,y,,https://storage.labelbox.com/cl2ceiao35hbj0zahefxyfyll%2Fee609221-aff5-7f36-1dc3-0cd47c9b827b-20220802_100614.jpg?Expires=1662175964388&KeyName=labelbox-assets-key-3&Signature=YNaLGydOTeQXJQDDCncjaVpyNZM,cl71c1cz479r4071vf7jhagou,82.0,269.0,1377.0,1138.0,0.7112676056338028,0.380184331797235
197,2,25,19,41,2,White,5,0,M,STRONG-Blue,Nitrile,Glove,Middle,2.6,1,0,20220802_101546.jpg,y,T2 white spec,https://storage.labelbox.com/cl2ceiao35hbj0zahefxyfyll%2Fa71b1617-a874-1002-bea0-6581367d4506-20220802_101546.jpg?Expires=1662175964380&KeyName=labelbox-assets-key-3&Signature=2D30JnUi2xupQNywG46D87wXqyk,cl71bejsl8axa071w6qex21c1,323.0,308.0,1148.0,1049.0,0.0,0.0
198,2,26,19,41,2,White,5,0,M,STRONG-Blue,Nitrile,Glove,Middle,2.6,2,20,20220802_101553.jpg,y,,https://storage.labelbox.com/cl2ceiao35hbj0zahefxyfyll%2F219ea7c4-3173-0a45-7c97-16ab0d50956c-20220802_101553.jpg?Expires=1662175964380&KeyName=labelbox-assets-key-3&Signature=eJ1voLAtPHKqU90Of0NrEiy_TcM,cl71bgcpd8ihi072e34948s9q,317.0,280.0,1154.0,1069.0,0.018575851393188847,0.09090909090909094
199,2,27,19,41,2,White,5,0,M,STRONG-Blue,Nitrile,Glove,Middle,2.6,3,40,20220802_101557.jpg,y,,https://storage.labelbox.com/cl2ceiao35hbj0zahefxyfyll%2F72e60215-e675-1ca9-08e2-80f518bc8fae-20220802_101557.jpg?Expires=1662175964380&KeyName=labelbox-assets-key-3&Signature=F9h5Hlu_IZFEBcJbMoynYjqP8Xw,cl71bhgdi7u9s074g2mb5gyrg,304.0,255.0,1152.0,1097.0,0.05882352941176472,0.17207792207792205
200,2,28,19,41,2,White,5,0,M,STRONG-Blue,Nitrile,Glove,Middle,2.6,4,60,20220802_101600.jpg,y,,https://storage.labelbox.com/cl2ceiao35hbj0zahefxyfyll%2Fc7b755eb-6fa1-a40e-650b-b4532e105ce5-20220802_101600.jpg?Expires=1662175964373&KeyName=labelbox-assets-key-3&Signature=4u3h-H2Uvpde5MEF38DNFyGmC5w,cl71b0lxl75vn071v5en90081,286.0,229.0,1165.0,1110.0,0.11455108359133126,0.25649350649350644
201,2,29,19,41,2,White,5,0,M,STRONG-Blue,Nitrile,Glove,Middle,2.6,5,80,20220802_101604.jpg,y,,https://storage.labelbox.com/cl2ceiao35hbj0zahefxyfyll%2F186fe544-937a-3a80-62c2-44a6e252ae01-20220802_101604.jpg?Expires=1662175964373&KeyName=labelbox-assets-key-3&Signature=j1H8JP7e5C9-0m5lIqvbY6Duy3Q,cl71azfcj88o8070r9xba3ns4,270.0,211.0,1168.0,1121.0,0.16408668730650156,0.31493506493506496
202,2,30,19,41,2,White,5,0,M,STRONG-Blue,Nitrile,Glove,Middle,2.6,6,120,20220802_101611.jpg,y,,https://storage.labelbox.com/cl2ceiao35hbj0zahefxyfyll%2Fb11d01dd-93a7-cbb6-b64a-b5f4607ff8f7-20220802_101611.jpg?Expires=1662175964373&KeyName=labelbox-assets-key-3&Signature=qjmbR3CEgADJIiM8lBfcGJEaUQU,cl71ay7vu75lx071vauhwhh39,243.0,186.0,1096.0,1142.0,0.24767801857585137,0.39610389610389607
203,2,31,19,41,2,White,5,0,M,STRONG-Blue,Nitrile,Glove,Middle,2.6,7,160,20220802_101617.jpg,y,,https://storage.labelbox.com/cl2ceiao35hbj0zahefxyfyll%2Fad2823c9-131b-5131-a3f9-0ec103c45009-20220802_101617.jpg?Expires=1662175964378&KeyName=labelbox-assets-key-3&Signature=4UxCgxMfr1AW0Q5QR7mQLTthVFY,cl71b3ls57rj00820d3w6hzyn,223.0,172.0,1047.0,1157.0,0.30959752321981426,0.4415584415584416
204,2,32,19,41,2,White,5,0,M,STRONG-Blue,Nitrile,Glove,Middle,2.6,8,200,20220802_101622.jpg,y,,https://storage.labelbox.com/cl2ceiao35hbj0zahefxyfyll%2Fcd417a5b-e3de-5342-bdc8-fb424576074a-20220802_101622.jpg?Expires=1662175964381&KeyName=labelbox-assets-key-3&Signature=_C21EM7n2SxJFyhZj1k-1P40Zhc,cl71bk9wd7i5s071v24j7c9yd,190.0,154.0,1127.0,1164.0,0.4117647058823529,0.5
205,2,33,21,42,2,Green,5,0,M,STRONG-Blue,Nitrile,Glove,Middle,2.7,1,0,20220802_102158.jpg,y,T2 green spec,https://storage.labelbox.com/cl2ceiao35hbj0zahefxyfyll%2Fb2e636b5-2934-8cc8-c2ed-918d34d9a8d6-20220802_102158.jpg?Expires=1662175964383&KeyName=labelbox-assets-key-3&Signature=EgI7Bd_pj5qYV6bG8D1OG2bqpTs,cl71bvqzp8cni071wc3z51vk9,315.0,364.0,1477.0,864.0,0.0,0.0
206,2,34,21,42,2,Green,5,0,M,STRONG-Blue,Nitrile,Glove,Middle,2.7,2,20,20220802_102206.jpg,y,,https://storage.labelbox.com/cl2ceiao35hbj0zahefxyfyll%2F82d66f14-e5bb-f5c5-215c-1e77a62eedd5-20220802_102206.jpg?Expires=1662175964383&KeyName=labelbox-assets-key-3&Signature=4h6jEkCeGGVBlzl90ek-q0uTFO8,cl71bssla7j24071vcu8v0yhq,313.0,324.0,1480.0,890.0,0.006349206349206327,0.10989010989010994
207,2,35,21,42,2,Green,5,0,M,STRONG-Blue,Nitrile,Glove,Middle,2.7,3,40,20220802_102210.jpg,y,,https://storage.labelbox.com/cl2ceiao35hbj0zahefxyfyll%2F51930753-b926-929d-077f-e5efec6b9d7c-20220802_102210.jpg?Expires=1662175964382&KeyName=labelbox-assets-key-3&Signature=WSZxixMShcjIMAJ_DrRSe49ARWk,cl71bqill8jj4072efmbmgyda,300.0,281.0,1492.0,913.0,0.04761904761904767,0.228021978021978
208,2,36,21,42,2,Green,5,0,M,STRONG-Blue,Nitrile,Glove,Middle,2.7,4,60,20220802_102214.jpg,y,,https://storage.labelbox.com/cl2ceiao35hbj0zahefxyfyll%2Fd3dd2a34-1c77-2817-5017-dc65e658e2a2-20220802_102214.jpg?Expires=1662175964388&KeyName=labelbox-assets-key-3&Signature=ZXsFvIAvOmq9w1YeMx9AZNEcuUc,cl71c0db179mh071vgzi1fc2d,279.0,244.0,1510.0,934.0,0.11428571428571432,0.3296703296703297
209,2,37,21,42,2,Green,5,0,M,STRONG-Blue,Nitrile,Glove,Middle,2.7,5,80,20220802_102220.jpg,y,,https://storage.labelbox.com/cl2ceiao35hbj0zahefxyfyll%2Fa1486362-04a7-3815-595c-c14706ca3247-20220802_102220.jpg?Expires=1662175964372&KeyName=labelbox-assets-key-3&Signature=91ZBaLUQAtrzWtXLuWV7zJZLJRw,cl71athnz80fg071xbuh234r7,262.0,218.0,1526.0,947.0,0.1682539682539682,0.4010989010989011
210,2,38,21,42,2,Green,5,0,M,STRONG-Blue,Nitrile,Glove,Middle,2.7,6,120,20220802_102226.jpg,y,,https://storage.labelbox.com/cl2ceiao35hbj0zahefxyfyll%2F01ab6403-6aca-32a5-1334-7d21d9db2e12-20220802_102226.jpg?Expires=1662175964369&KeyName=labelbox-assets-key-3&Signature=8VQD3PkTgzeFk-fYdesQ6rUDEAc,cl71aja947475071vdd75103u,231.0,192.0,1553.0,956.0,0.2666666666666667,0.4725274725274725
211,2,39,21,42,2,Green,5,0,M,STRONG-Blue,Nitrile,Glove,Middle,2.7,7,160,20220802_102232.jpg,y,,https://storage.labelbox.com/cl2ceiao35hbj0zahefxyfyll%2F92034493-799c-63ef-b929-9ed4709d992e-20220802_102232.jpg?Expires=1662175964369&KeyName=labelbox-assets-key-3&Signature=6ifjhNx4f1r9NvLa98W9iLjpch0,cl71ama8d8r1c0738d57igp87,205.0,171.0,1578.0,967.0,0.3492063492063492,0.5302197802197802
212,2,40,21,42,2,Green,5,0,M,STRONG-Blue,Nitrile,Glove,Middle,2.7,8,200,20220802_102244.jpg,y,,https://storage.labelbox.com/cl2ceiao35hbj0zahefxyfyll%2Ff1b0cdfc-3ce3-0c56-9907-a9af1edf4013-20220802_102244.jpg?Expires=1662175964372&KeyName=labelbox-assets-key-3&Signature=YVLdPgTCtYBzLA9wfWusz3qLutw,cl71ax42575in071v87h4b8ku,178.0,155.0,1603.0,974.0,0.43492063492063493,0.5741758241758241
213,2,45,20,44,2,Blue,5,0,M,STRONG-Blue,Nitrile,Glove,Middle,2.1,1,0,20220802_102851.jpg,y,T2 blue spec redo,https://storage.labelbox.com/cl2ceiao35hbj0zahefxyfyll%2Fc728f381-69ab-53d8-7192-a92ca97f9343-20220802_102851.jpg?Expires=1662175964379&KeyName=labelbox-assets-key-3&Signature=H9AbnfpuETQoplHn3vk3Cm-Ps70,cl71b9fwu7s270820cnll4ol1,236.0,416.0,1502.0,946.0,0.0,0.0
214,2,46,20,44,2,Blue,5,0,M,STRONG-Blue,Nitrile,Glove,Middle,2.1,2,20,20220802_102857.jpg,y,,https://storage.labelbox.com/cl2ceiao35hbj0zahefxyfyll%2F823f0625-e03d-e0c9-14b6-901a5973f2a7-20220802_102857.jpg?Expires=1662175964381&KeyName=labelbox-assets-key-3&Signature=fbw-iJzkG4k2wb6LqjF_T9nrUfM,cl71bi4ol8k2z0720a26ig9qf,228.0,408.0,1498.0,958.0,0.03389830508474578,0.019230769230769273
215,2,47,20,44,2,Blue,5,0,M,STRONG-Blue,Nitrile,Glove,Middle,2.1,3,40,20220802_102910.jpg,y,,https://storage.labelbox.com/cl2ceiao35hbj0zahefxyfyll%2F7b13a2b0-2d72-0c2d-ea62-85678a7284ec-20220802_102910.jpg?Expires=1662175964372&KeyName=labelbox-assets-key-3&Signature=V7_0vRawWDKprvWUN6CEnmsVxW0,cl71aule788yn071w2lgxa812,204.0,383.0,1481.0,974.0,0.13559322033898302,0.07932692307692313
216,2,48,20,44,2,Blue,5,0,M,STRONG-Blue,Nitrile,Glove,Middle,2.1,4,60,20220802_102914.jpg,y,,https://storage.labelbox.com/cl2ceiao35hbj0zahefxyfyll%2F0af9c727-18d7-155d-ab91-fd66cfa53ba2-20220802_102914.jpg?Expires=1662175964379&KeyName=labelbox-assets-key-3&Signature=1RQhJ1zg1Qe-9hTbmEGc5ZDb3mU,cl71b3ye68srx07386i0h483a,190.0,370.0,1469.0,982.0,0.19491525423728817,0.11057692307692313
217,2,49,20,44,2,Blue,5,0,M,STRONG-Blue,Nitrile,Glove,Middle,2.1,5,80,20220802_102918.jpg,y,,https://storage.labelbox.com/cl2ceiao35hbj0zahefxyfyll%2Fefe11d59-773c-d3dd-a8c3-bbe5814af683-20220802_102918.jpg?Expires=1662175964380&KeyName=labelbox-assets-key-3&Signature=hHMY08XY4hCVk0NlCkeaRXS3UCI,cl71bcflc82bu071x4jnvbpq6,170.0,349.0,1470.0,990.0,0.2796610169491526,0.1610576923076923
218,2,50,20,44,2,Blue,5,0,M,STRONG-Blue,Nitrile,Glove,Middle,2.1,6,120,20220802_102924.jpg,y,,https://storage.labelbox.com/cl2ceiao35hbj0zahefxyfyll%2F3f9eb559-6fc2-3134-fd06-6f774853b221-20220802_102924.jpg?Expires=1662175964379&KeyName=labelbox-assets-key-3&Signature=_tHAWgcyEdZyhxkHfZwyoOHIxiU,cl71ba5z4823v071x8l83081q,132.0,324.0,1542.0,1016.0,0.44067796610169496,0.22115384615384615
219,2,51,20,44,2,Blue,5,0,M,STRONG-Blue,Nitrile,Glove,Middle,2.1,7,160,20220802_102929.jpg,y,,https://storage.labelbox.com/cl2ceiao35hbj0zahefxyfyll%2F82111ee9-41cb-2056-a0ef-eb1d8dfa0a08-20220802_102929.jpg?Expires=1662175964378&KeyName=labelbox-assets-key-3&Signature=MnbDUbj5v2IUINgRxjbSeb3k_BY,cl71b24pa7gbc071vedzs2cfi,90.0,312.0,1577.0,1027.0,0.6186440677966102,0.25
220,2,52,20,44,2,Blue,5,0,M,STRONG-Blue,Nitrile,Glove,Middle,2.1,8,200,20220802_102933.jpg,y,,https://storage.labelbox.com/cl2ceiao35hbj0zahefxyfyll%2F063512b6-cd5b-db7e-92fb-cdd2d36d3404-20220802_102933.jpg?Expires=1662175964380&KeyName=labelbox-assets-key-3&Signature=CicpyATm0pYfZwr5MaRtoliMU-s,cl71bfypj8aen070r955w021z,60.0,299.0,1603.0,1036.0,0.7457627118644068,0.28125
221,2,59,19,46,3,White,5,0,M,STRONG-Blue,Nitrile,Glove,Middle,2.5,1,0,20220802_103732.jpg,y,T3 white spec redo,https://storage.labelbox.com/cl2ceiao35hbj0zahefxyfyll%2F662612b9-d746-b2b7-c5ae-c61a58d3b824-20220802_103732.jpg?Expires=1662175964384&KeyName=labelbox-assets-key-3&Signature=Ml9gU-6zdjoAASuaUfuFhuGKrHc,cl71bzrl38lxh07204u3wduo8,320.0,287.0,1394.0,1049.0,0.0,0.0
222,2,60,19,46,3,White,5,0,M,STRONG-Blue,Nitrile,Glove,Middle,2.5,2,20,20220802_103736.jpg,y,,https://storage.labelbox.com/cl2ceiao35hbj0zahefxyfyll%2F86fe3543-665a-68d9-f2c4-f586835b625f-20220802_103736.jpg?Expires=1662175964383&KeyName=labelbox-assets-key-3&Signature=8skZfLxXzvoRF5NO2FtaeCSgyII,cl71buovu8cir071w15b6b19g,315.0,252.0,1395.0,1064.0,0.015625,0.12195121951219512
223,2,61,19,46,3,White,5,0,M,STRONG-Blue,Nitrile,Glove,Middle,2.5,3,40,20220802_103739.jpg,y,,https://storage.labelbox.com/cl2ceiao35hbj0zahefxyfyll%2F8784b204-ec02-bde2-5213-c41af1c87418-20220802_103739.jpg?Expires=1662175964371&KeyName=labelbox-assets-key-3&Signature=KOuFn4xDyGEAp19LJzT-YYKpIaE,cl71asltr8g7z072eaidp20fg,297.0,171.0,1411.0,1108.0,0.07187500000000002,0.40418118466898956
224,2,62,19,46,3,White,5,0,M,STRONG-Blue,Nitrile,Glove,Middle,2.5,4,60,20220802_103742.jpg,y,,https://storage.labelbox.com/cl2ceiao35hbj0zahefxyfyll%2F1279ec8b-bb99-4101-023a-7ca8ef9bd334-20220802_103742.jpg?Expires=1662175964379&KeyName=labelbox-assets-key-3&Signature=a_Prx8GNHi5Sf_5HrqB62hmVTe8,cl71b8ca478ow071ocjg6fzym,279.0,117.0,1429.0,1123.0,0.12812500000000004,0.5923344947735192
225,2,63,19,46,3,White,5,0,M,STRONG-Blue,Nitrile,Glove,Middle,2.5,5,80,20220802_103746.jpg,y,,https://storage.labelbox.com/cl2ceiao35hbj0zahefxyfyll%2F540e8b25-213c-6a2d-1d0b-2f3bee9362bb-20220802_103746.jpg?Expires=1662175964381&KeyName=labelbox-assets-key-3&Signature=AmB5JZlHNQ7n9cNY8jaMJ-7znuI,cl71blm018bkv071whvbognmj,261.0,94.0,1444.0,1135.0,0.18437499999999996,0.6724738675958188
226,2,64,19,46,3,White,5,0,M,STRONG-Blue,Nitrile,Glove,Middle,2.5,6,120,20220802_103752.jpg,y,,https://storage.labelbox.com/cl2ceiao35hbj0zahefxyfyll%2F9fa32a8e-03e6-af06-bd61-0d9b75de9dd6-20220802_103752.jpg?Expires=1662175964381&KeyName=labelbox-assets-key-3&Signature=3vG66npR0EmOnjMqT1vuC_FzkWs,cl71bm5bn8azt070r17n3gxtw,227.0,66.0,1475.0,1150.0,0.290625,0.7700348432055749
227,2,65,19,46,3,White,5,0,M,STRONG-Blue,Nitrile,Glove,Middle,2.5,7,160,20220802_103756.jpg,y,,https://storage.labelbox.com/cl2ceiao35hbj0zahefxyfyll%2Fecb19dc7-b541-8361-7275-ee1058380590-20220802_103756.jpg?Expires=1662175964379&KeyName=labelbox-assets-key-3&Signature=QUG71hNaGuuDI7a5H0EAfPyl_AA,cl71b5rue7gpj071v3h4s6lqp,199.0,57.0,1494.0,1157.0,0.37812500000000004,0.8013937282229965
228,2,66,19,46,3,White,5,0,M,STRONG-Blue,Nitrile,Glove,Middle,2.5,8,200,20220802_103759.jpg,y,,https://storage.labelbox.com/cl2ceiao35hbj0zahefxyfyll%2F03408e12-2236-9d43-49d9-16702f14d4b5-20220802_103759.jpg?Expires=1662175964374&KeyName=labelbox-assets-key-3&Signature=pMvi4UlDHS-5JDSfq_dUdUuOqfE,cl71b1ka27rb708205zxrbuug,179.0,44.0,1513.0,1162.0,0.44062500000000004,0.8466898954703833
229,2,67,21,47,3,Green,5,0,M,STRONG-Blue,Nitrile,Glove,Middle,2.5,1,0,20220802_104104.jpg,y,T3 green spec,https://storage.labelbox.com/cl2ceiao35hbj0zahefxyfyll%2F2e2710e8-2199-2b7e-e98b-71dbe0ece755-20220802_104104.jpg?Expires=1662175964384&KeyName=labelbox-assets-key-3&Signature=tM0HG1jqkBHxj6Z2QzccP_py_UM,cl71bwsm57uhy0820351p2x1z,292.0,360.0,1274.0,1009.0,0.0,0.0
230,2,68,21,47,3,Green,5,0,M,STRONG-Blue,Nitrile,Glove,Middle,2.5,2,20,20220802_104108.jpg,y,,https://storage.labelbox.com/cl2ceiao35hbj0zahefxyfyll%2F95dc53d3-0617-a08e-687f-14d5bff00862-20220802_104108.jpg?Expires=1662175964371&KeyName=labelbox-assets-key-3&Signature=hPaECD3_8snVuMliVs4h-4Rd3Yo,cl71arjnb8ri60738dm9d1r8r,289.0,348.0,1276.0,1016.0,0.010273972602739767,0.033333333333333326
231,2,69,21,47,3,Green,5,0,M,STRONG-Blue,Nitrile,Glove,Middle,2.5,3,40,20220802_104114.jpg,y,,https://storage.labelbox.com/cl2ceiao35hbj0zahefxyfyll%2F6d516edd-4c4b-3bcd-4799-3775787935e1-20220802_104114.jpg?Expires=1662175964384&KeyName=labelbox-assets-key-3&Signature=EieRUDNECT9jKKQkN00vpZ2WJjM,cl71bxoyh8vta0738a8s85akq,276.0,306.0,1289.0,1033.0,0.0547945205479452,0.15000000000000002
232,2,70,21,47,3,Green,5,0,M,STRONG-Blue,Nitrile,Glove,Middle,2.5,4,60,20220802_104118.jpg,y,,https://storage.labelbox.com/cl2ceiao35hbj0zahefxyfyll%2Fab448fee-cdae-a223-e3a6-02ede344c75b-20220802_104118.jpg?Expires=1662175964368&KeyName=labelbox-assets-key-3&Signature=p6XT8IpM78zW2lFvLYTlSl7qb2c,cl71afxzv75xo071og0msdpfq,257.0,272.0,1304.0,1052.0,0.11986301369863017,0.24444444444444446
233,2,71,21,47,3,Green,5,0,M,STRONG-Blue,Nitrile,Glove,Middle,2.5,5,80,20220802_104121.jpg,y,,https://storage.labelbox.com/cl2ceiao35hbj0zahefxyfyll%2F4b2fae1a-8221-5be4-bb71-3ce84eb548b3-20220802_104121.jpg?Expires=1662175964370&KeyName=labelbox-assets-key-3&Signature=kGPzXUlAPFokRYWcowwkyfmNJAc,cl71ao0b48r7407388jv6ez39,237.0,240.0,1320.0,1075.0,0.18835616438356162,0.33333333333333337
234,2,72,21,47,3,Green,5,0,M,STRONG-Blue,Nitrile,Glove,Middle,2.5,6,120,20220802_104125.jpg,y,,https://storage.labelbox.com/cl2ceiao35hbj0zahefxyfyll%2F30d973d6-2ffa-efb7-2fc0-d8794c140e1d-20220802_104125.jpg?Expires=1662175964369&KeyName=labelbox-assets-key-3&Signature=P_E8JGrAe_c4sz0D9tieBeHIpfE,cl71aku38877c070r9u2v3o0a,204.0,206.0,1351.0,1090.0,0.3013698630136986,0.4277777777777778
235,2,73,21,47,3,Green,5,0,M,STRONG-Blue,Nitrile,Glove,Middle,2.5,7,160,20220802_104130.jpg,y,,https://storage.labelbox.com/cl2ceiao35hbj0zahefxyfyll%2Fc287d1d1-89cd-d076-e647-5247c957d65c-20220802_104130.jpg?Expires=1662175964368&KeyName=labelbox-assets-key-3&Signature=s5dRgHKhNgXCKB_DXyYgYuwcH2Q,cl71ae1qu7qfo074g5dz4dm16,174.0,188.0,1378.0,1101.0,0.40410958904109584,0.47777777777777775
236,2,74,21,47,3,Green,5,0,M,STRONG-Blue,Nitrile,Glove,Middle,2.5,8,200,20220802_104135.jpg,y,,https://storage.labelbox.com/cl2ceiao35hbj0zahefxyfyll%2Fda3ec7e6-3c23-5263-663e-bf04a9bf8253-20220802_104135.jpg?Expires=1662175964370&KeyName=labelbox-assets-key-3&Signature=mW1F23Om9IpZQMUHwnmTq8zWHks,cl71aomzk7ri2074ghk9wdtcz,146.0,173.0,1404.0,1108.0,0.5,0.5194444444444444
237,2,75,20,48,3,Blue,5,0,M,STRONG-Blue,Nitrile,Glove,Middle,2.0,1,0,20220802_104656.jpg,y,T3 blue spec,https://storage.labelbox.com/cl2ceiao35hbj0zahefxyfyll%2F8df9ff92-6f83-009b-11e7-3765dce3b734-20220802_104656.jpg?Expires=1662175964368&KeyName=labelbox-assets-key-3&Signature=qtKuRlbtUL-Q5YOWQO30mMsCz2g,cl71acxyy876w071wet4ff15g,193.0,403.0,1591.0,988.0,0.0,0.0
238,2,76,20,48,3,Blue,5,0,M,STRONG-Blue,Nitrile,Glove,Middle,2.0,2,20,20220802_104701.jpg,y,,https://storage.labelbox.com/cl2ceiao35hbj0zahefxyfyll%2F7abbd8f5-5461-d2f7-5af8-e5501a91e24c-20220802_104701.jpg?Expires=1662175964382&KeyName=labelbox-assets-key-3&Signature=SDFiY27OjVjKz6uvBWcfXQhPJxI,cl71bpw968bdm070r3ick7pc9,209.0,416.0,1591.0,974.0,-0.08290155440414515,-0.032258064516129004
239,2,77,20,48,3,Blue,5,0,M,STRONG-Blue,Nitrile,Glove,Middle,2.0,3,40,20220802_104706.jpg,y,,https://storage.labelbox.com/cl2ceiao35hbj0zahefxyfyll%2F87edc72b-b239-411c-56f5-230d338e9334-20220802_104706.jpg?Expires=1662175964384&KeyName=labelbox-assets-key-3&Signature=aePvwsgpAk49MgLaWQuDZCYhmKY,cl71by8sd84of071x3yrcfvy4,189.0,397.0,1598.0,995.0,0.020725388601036232,0.01488833746898266
240,2,78,20,48,3,Blue,5,0,M,STRONG-Blue,Nitrile,Glove,Middle,2.0,4,60,20220802_104710.jpg,y,,https://storage.labelbox.com/cl2ceiao35hbj0zahefxyfyll%2F7762548a-f8e1-f608-bf21-ce86dd348804-20220802_104710.jpg?Expires=1662175964388&KeyName=labelbox-assets-key-3&Signature=NQErtjppTNDk4SahF2Y-o2IXmXA,cl71c0rm68d8w071w8nf7e4yb,189.0,373.0,1603.0,997.0,0.020725388601036232,0.07444168734491319
241,2,79,20,48,3,Blue,5,0,M,STRONG-Blue,Nitrile,Glove,Middle,2.0,5,80,20220802_104714.jpg,y,,https://storage.labelbox.com/cl2ceiao35hbj0zahefxyfyll%2F6a015e47-a769-3a67-a73d-12f863499515-20220802_104714.jpg?Expires=1662175964382&KeyName=labelbox-assets-key-3&Signature=dBEq-bFjVyVL415j6qpNpKPRnIc,cl71bnmkj7thu0820e0y63bjr,164.0,363.0,1626.0,1002.0,0.15025906735751293,0.09925558312655092
242,2,80,20,48,3,Blue,5,0,M,STRONG-Blue,Nitrile,Glove,Middle,2.0,6,120,20220802_104720.jpg,y,,https://storage.labelbox.com/cl2ceiao35hbj0zahefxyfyll%2F19836ff7-a116-073f-45d4-9419966a36ef-20220802_104720.jpg?Expires=1662175964367&KeyName=labelbox-assets-key-3&Signature=02Zk5YgIHS34aWnnj9Nux6PueiU,cl71ac0pq873c071w2zc5efhl,142.0,328.0,1668.0,1026.0,0.2642487046632125,0.18610421836228286
243,2,81,20,48,3,Blue,5,0,M,STRONG-Blue,Nitrile,Glove,Middle,2.0,7,160,20220802_104724.jpg,y,,https://storage.labelbox.com/cl2ceiao35hbj0zahefxyfyll%2F5974b6eb-9ab5-7fa8-09be-ace3d918a98c-20220802_104724.jpg?Expires=1662175964371&KeyName=labelbox-assets-key-3&Signature=Jl9Lbd5LYOtY00erDdewongQxBI,cl71as22y87wj070rcqe42ocg,96.0,321.0,1702.0,1026.0,0.5025906735751295,0.2034739454094293
244,2,82,20,48,3,Blue,5,0,M,STRONG-Blue,Nitrile,Glove,Middle,2.0,8,200,20220802_104729.jpg,y,,https://storage.labelbox.com/cl2ceiao35hbj0zahefxyfyll%2F86800c77-cbcd-4697-2587-68fdcd47e5ee-20220802_104729.jpg?Expires=1662175964382&KeyName=labelbox-assets-key-3&Signature=FU9XY5zBD7y-U6CHf0WLJqB2hlE,cl71bod9r789e071v3wkob2ej,55.0,301.0,1727.0,1041.0,0.7150259067357513,0.25310173697270466
245,2,89,21,50,1,Green,5,0,M,STRONG-Blue,Nitrile,Glove,Middle,2.5,1,0,20220802_105401.jpg,y,"T1 green spec redo Android, redo final",https://storage.labelbox.com/cl2ceiao35hbj0zahefxyfyll%2Fa01644a1-b9b9-7e91-f803-35414348080d-20220802_105401.jpg?Expires=1662175964367&KeyName=labelbox-assets-key-3&Signature=IZbHbmdqjgoeHf38jJwhkbtwzlc,cl71a952h8fo407205is20x8p,299.0,358.0,1486.0,873.0,0.0,0.0
246,2,90,21,50,1,Green,5,0,M,STRONG-Blue,Nitrile,Glove,Middle,2.5,2,20,20220802_105405.jpg,y,,https://storage.labelbox.com/cl2ceiao35hbj0zahefxyfyll%2F3640c275-ed28-ffd3-d0e3-a44dc4a4c8d0-20220802_105405.jpg?Expires=1662175964370&KeyName=labelbox-assets-key-3&Signature=J5FCJeCd1YKaGBTvBTtynj-OyTI,cl71apb1e88gb071wh2o5cniz,299.0,344.0,1483.0,885.0,0.0,0.03910614525139666
247,2,91,21,50,1,Green,5,0,M,STRONG-Blue,Nitrile,Glove,Middle,2.5,3,40,20220802_105410.jpg,y,,https://storage.labelbox.com/cl2ceiao35hbj0zahefxyfyll%2Ff1f34274-ee36-c951-f09a-04b2db92335a-20220802_105410.jpg?Expires=1662175964371&KeyName=labelbox-assets-key-3&Signature=wTcklpPjvWYBLZMI8dVAxdXxeT0,cl71ar7qs807i071x0hkwhfiw,290.0,311.0,1492.0,903.0,0.030100334448160515,0.13128491620111726
248,2,92,21,50,1,Green,5,0,M,STRONG-Blue,Nitrile,Glove,Middle,2.5,4,60,20220802_105414.jpg,y,,https://storage.labelbox.com/cl2ceiao35hbj0zahefxyfyll%2Fadea6d25-38e9-7b98-3a4a-76b1c9ccd732-20220802_105414.jpg?Expires=1662175964368&KeyName=labelbox-assets-key-3&Signature=GQueVoXWy7_3J1GVEKtwmzREP9k,cl71ahc7o8qk6073843is2ek8,278.0,288.0,1500.0,914.0,0.07023411371237454,0.1955307262569832
249,2,93,21,50,1,Green,5,0,M,STRONG-Blue,Nitrile,Glove,Middle,2.5,5,80,20220802_105418.jpg,y,,https://storage.labelbox.com/cl2ceiao35hbj0zahefxyfyll%2F2ef9102c-44ee-5f48-0986-83d30a68173e-20220802_105418.jpg?Expires=1662175964384&KeyName=labelbox-assets-key-3&Signature=HgK4unuN3e4xzLuBcejL6yQjihQ,cl71bz0yx8kh1072e2x996tzm,263.0,267.0,1514.0,926.0,0.12040133779264217,0.25418994413407825
250,2,94,21,50,1,Green,5,0,M,STRONG-Blue,Nitrile,Glove,Middle,2.5,6,120,20220802_105423.jpg,y,,https://storage.labelbox.com/cl2ceiao35hbj0zahefxyfyll%2Fe17918c4-1765-49de-6f12-f339665a69e5-20220802_105423.jpg?Expires=1662175964382&KeyName=labelbox-assets-key-3&Signature=QH6RTEwVrsPsy1TVQUParZKvEi4,cl71bp7wc8by3071w9qixhr1n,237.0,241.0,1539.0,940.0,0.20735785953177255,0.3268156424581006
251,2,95,21,50,1,Green,5,0,M,STRONG-Blue,Nitrile,Glove,Middle,2.5,7,160,20220802_105429.jpg,y,,https://storage.labelbox.com/cl2ceiao35hbj0zahefxyfyll%2F5617b833-e6e2-8bb9-895e-fd7030e59a21-20220802_105429.jpg?Expires=1662175964369&KeyName=labelbox-assets-key-3&Signature=zLmWcdnBVhUrOYE1xbgfhkVnZeE,cl71ahvqx87pn071wgmyr7ysh,213.0,217.0,1563.0,952.0,0.2876254180602007,0.3938547486033519
252,2,96,21,50,1,Green,5,0,M,STRONG-Blue,Nitrile,Glove,Middle,2.5,8,200,20220802_105434.jpg,y,,https://storage.labelbox.com/cl2ceiao35hbj0zahefxyfyll%2F442681c2-b2a5-9ab9-c7e7-8560e8a1ea83-20220802_105434.jpg?Expires=1662175964384&KeyName=labelbox-assets-key-3&Signature=ewFBKZutO8pNlT7Asa5U0tlmY-A,cl71bwgl08cb3073obpe951r5,190.0,198.0,1585.0,961.0,0.36454849498327757,0.44692737430167595
